V1,V1,V1,V1,V1,V1,V1,V1,V1,V1,V1,V1,V1,V1,1.102,-0.614,-1.092,1.283,-0.07,0.133,-1.196,1.069,-0.375,-0.924,-0.619,-0.536,-0.092,0.182,0.034,-0.172,0.401,0.393,0.216,1
V1,V1,V1,V1,V1,V1,V2,V1,V3,V5,V3,V2,V1,V2,0.549,-0.738,1.312,-2.629,-1.104,0.133,3.189,-0.844,-0.527,0.82,0.352,0.073,-0.092,1.098,0.034,1.16,0.401,0.037,0.216,1
V1,V1,V1,V1,V1,V1,V1,V1,V2,V2,V1,V2,V1,V1,2.207,-0.986,0.823,0.501,-0.458,1.425,0.12,2.472,-0.223,-1.823,-1.933,-0.536,-0.092,1.098,0.034,0.716,0.401,0.724,0.216,-1
V1,V1,V1,V1,V1,V1,V1,V1,V2,V2,V2,V2,V1,V2,2.207,-0.986,-1.092,0.501,-1.363,0.133,-0.099,1.42,-0.223,-1.284,-0.762,-0.536,-0.092,1.098,0.034,0.716,0.401,0.712,0.216,-1
V1,V1,V1,V1,V1,V1,V1,V1,V1,V1,V1,V1,V1,V1,0.549,-0.118,1.312,-1.064,0.189,0.133,0.997,0.689,-0.375,-0.546,-0.505,-0.536,-0.092,0.182,0.034,0.716,0.401,0.393,0.216,1
V1,V1,V1,V1,V1,V1,V1,V1,V1,V1,V3,V1,V1,V1,0.549,-0.118,0.348,-0.282,-1.104,1.425,-0.099,0.616,-0.68,-1.014,0.409,-0.536,-0.092,0.731,0.034,0.716,0.401,0.724,0.216,1
V1,V1,V1,V1,V1,V1,V1,V1,V1,V1,V3,V1,V1,V1,-0.557,-0.738,0.348,-0.673,-1.104,-0.513,-0.648,-0.844,-0.984,0.694,0.552,-0.536,-0.092,-0.735,0.034,1.16,0.401,-0.605,0.216,1
V1,V1,V1,V1,V1,V1,V1,V1,V1,V1,V1,V1,V1,V1,0.549,-0.986,-0.127,0.501,-0.458,1.425,-1.196,1.464,-0.68,-1.104,-1.105,-0.536,-0.092,0.182,0.034,0.716,0.401,0.037,0.216,-1
NA,V1,V1,V2,V2,V1,V1,V2,V4,V6,V2,V2,V1,V1,NA,-0.738,-0.617,-0.282,1.094,1.425,NA,-0.844,-1.288,1.234,-0.305,-0.536,-0.092,0.182,0.034,1.16,0.401,0.037,0.216,1
V2,V1,V1,V2,V2,V1,V1,V2,V4,V6,V4,V2,V2,V1,-1.663,-0.738,-1.092,-1.064,-1.75,NA,NA,-0.844,-0.68,1.234,-0.305,-0.536,-0.092,0.182,-0.51,-0.394,0.401,-0.605,0.216,-1
V2,V1,V1,V2,V2,V1,V1,V2,V4,V6,V5,V2,V2,V1,-1.663,-0.738,-1.092,0.11,-1.75,NA,NA,0.017,-0.68,0.568,-0.933,-0.536,-0.092,0.182,2.208,-0.394,0.401,-0.605,0.216,-1
V1,V1,V1,V1,V1,V1,V1,V1,V4,V6,V5,V2,V2,V1,1.655,-1.607,0.823,0.892,-1.621,0.133,NA,0.134,-1.288,0.101,-0.419,-0.536,-0.092,-2.385,1.121,-0.616,0.401,0.037,0.216,-1
V2,V1,V1,V2,V2,V1,V3,V1,V1,V7,V2,V1,V2,V1,-0.557,-0.738,-1.092,-0.282,-0.328,0.456,-0.099,-0.844,1.754,1.234,-0.305,-0.536,-0.092,-2.568,0.034,-1.06,0.401,0.872,0.216,-1
V2,V1,V1,V2,V2,V1,V1,V1,V1,V4,V1,V3,V2,V1,-0.557,-1.235,-1.092,0.344,-0.845,1.425,-0.099,-0.844,0.537,1.234,-0.305,-0.536,-0.092,0.182,0.034,-1.06,0.401,0.872,0.216,1
V2,V1,V1,V2,V2,V1,V1,V1,V1,V4,V2,V1,V3,V1,-0.557,-1.111,-1.092,-0.673,-0.587,1.425,-0.648,0.324,0.842,0.335,-1.162,-0.536,-0.092,-0.185,-0.782,0.05,0.401,0.872,0.216,1
V2,V1,V1,V2,V2,V1,V1,V1,V1,V4,V2,V1,V3,V1,-0.004,-1.111,-1.092,-1.064,-1.104,1.425,-1.196,0.324,0.081,0.335,-1.162,-0.536,-0.092,-0.735,-0.782,0.05,0.401,0.872,0.216,1
V2,V1,V1,V1,V2,V1,V1,V1,V1,V4,V2,V1,V3,V1,0.549,-0.738,0.348,-0.282,-0.328,1.425,-0.099,0.324,0.994,0.335,-1.162,-0.536,-0.092,0.182,0.034,0.05,0.401,0.872,0.216,-1
V2,V1,V1,V1,V2,V1,V1,V1,V1,V4,V1,V1,V3,V1,0.549,-0.738,0.348,-0.125,-0.845,1.425,-0.648,0.017,0.994,0.568,-0.933,-0.536,-0.092,0.182,0.034,0.05,0.401,0.872,0.216,-1
V2,V1,V1,V2,V2,V1,V1,V2,V1,V8,V1,V1,V2,V1,-1.11,-1.111,NA,-0.282,-0.458,0.133,-0.099,-0.844,0.842,0.568,0.752,-0.536,-0.092,-0.735,-0.51,-1.06,0.401,0.872,0.216,1
V2,V1,V1,V2,V2,V1,V1,V2,V1,V8,V1,V1,V2,V2,-1.663,-0.738,-0.617,1.283,-1.104,0.133,0.449,-0.844,1.146,0.568,0.752,-0.536,-0.092,0.182,0.034,-0.394,0.401,0.682,0.216,1
V2,V1,V1,V1,V2,V1,V1,V1,V2,V2,V1,V1,V1,V1,-0.833,-0.862,-1.092,0.501,1.482,0.133,-0.319,2.077,0.689,-1.913,-1.019,-0.536,-0.092,-0.002,-0.51,0.05,0.401,0.872,0.216,-1
V2,V1,V1,V1,V2,V1,V1,V1,V2,V2,V2,V1,V1,V1,-0.833,-0.862,-1.092,0.892,1.611,0.133,-0.099,2.326,0.689,-2.183,-1.076,-0.536,-0.092,0.548,-0.51,0.05,0.401,0.872,0.216,-1
V1,V1,V1,V1,V1,V1,V1,V1,V1,V1,V1,V1,NA,V1,-0.004,-0.862,-0.127,-0.986,-0.07,-0.513,-0.976,0.266,-0.953,-0.241,-0.162,-0.536,-0.092,0.182,-0.782,-0.172,0.401,2.245,0.216,-1
V1,V1,V1,V1,V1,V1,V1,V1,V1,V1,V3,V1,NA,V2,-0.557,-0.862,-1.092,-1.064,-1.233,-0.513,-1.196,0.397,-0.953,-0.438,-0.076,0.276,-0.092,0.182,-0.238,-0.172,0.401,1.391,0.216,-1
V2,V1,V1,V2,V2,V1,V1,V2,V1,V8,V1,V1,NA,V1,-0.557,-0.49,0.823,1.283,-0.07,0.133,0.449,-0.844,1.754,0.568,0.752,1.089,-0.092,0.182,0.034,-1.06,0.401,-0.605,0.216,1
V2,V1,V1,V2,V2,V1,V1,V1,V4,V6,V5,V2,NA,V1,-1.663,-1.111,-1.092,0.031,-1.88,0.779,NA,-0.844,-1.212,1.324,-0.448,-0.536,-0.092,-2.568,0.849,-0.172,0.401,0.872,0.216,-1
V2,V1,V1,V2,V2,V1,V1,V1,V2,V2,V1,V3,V2,V2,-0.004,-1.607,NA,-0.282,0.189,-0.513,-0.099,0.178,-0.68,0.443,-1.047,-0.536,-0.092,0.182,1.393,-1.06,0.401,0.037,0.216,1
V1,V1,V1,V1,V1,V1,V1,V1,V2,V3,V1,V1,NA,V1,-0.557,-0.986,-0.127,0.501,2.258,1.425,-0.319,-0.844,-0.984,0.568,0.752,0.276,-0.092,1.098,-0.51,1.16,0.401,0.017,0.216,-1
V1,V1,V1,V1,V1,V1,V1,V1,V2,V3,V2,V1,V1,V1,-1.386,-0.986,-1.092,-0.282,0.447,1.425,0.01,0.266,-0.984,-0.241,-0.162,1.089,-0.092,0.182,0.034,1.16,0.401,0.017,0.216,-1
V2,V1,V1,V1,V2,V1,V1,V1,V2,V2,V2,V2,V1,V1,-0.833,-0.862,0.348,-0.282,0.835,0.133,0.339,-0.844,-1.288,1.234,-0.305,-0.536,-0.092,0.731,0.034,-1.504,0.401,0.017,0.216,-1
V2,V1,V1,V1,V2,V1,V1,V1,V2,V2,V1,V2,V1,V2,-1.11,-0.862,0.348,0.501,0.189,1.425,0.12,0.178,-1.288,0.443,-1.047,-0.536,-0.092,1.098,0.034,-1.504,0.401,0.017,0.216,-1
V2,V1,V1,V2,V2,V1,V1,V1,V4,V6,V5,V2,V1,V1,-1.663,-1.111,-1.092,0.031,-1.88,0.779,NA,-0.844,-1.212,1.09,-0.076,-0.536,-0.092,-2.568,0.849,-0.172,0.401,0.872,0.216,-1
V2,V1,V1,V2,V2,V1,V1,V1,V1,V7,V2,V1,V2,V2,0.549,-0.986,-1.092,0.501,0.447,0.779,-0.099,-0.844,1.359,-0.007,1.666,4.337,-0.092,-0.735,0.034,-1.06,0.401,0.037,0.216,-1
V2,V1,V1,V2,V2,V1,V1,V1,V1,V7,V1,V1,V2,V2,0.549,-0.986,0.348,0.736,0.189,0.456,-0.099,-0.844,1.359,-0.007,1.666,4.337,-0.092,-1.651,1.393,-1.06,0.401,0.037,0.216,-1
V2,V1,V1,V1,V2,V1,V1,V1,V1,V4,V1,V1,V1,V1,1.655,-0.986,-0.127,0.344,-2.785,0.133,-0.757,-0.669,-1.045,0.443,0.609,-0.536,-0.092,-1.835,1.936,-0.394,0.401,0.017,0.216,-1
V2,V1,V1,V1,V2,V1,V1,V1,V1,V4,V2,V1,V1,V1,0.825,-0.986,-0.617,0.97,-2.655,0.133,-1.196,0.31,-1.045,0.101,-0.733,-0.536,-0.092,-1.285,-0.782,-0.394,0.401,0.017,0.216,-1
V2,V1,V1,V2,V2,V1,V1,V1,V1,V7,V1,V1,NA,V2,0.549,-0.986,0.348,1.283,1.094,0.456,0.449,-0.844,1.45,0.568,0.752,-0.536,-0.092,-2.018,-0.782,-1.06,0.401,0.037,0.216,-1
V2,V1,V1,V2,V2,V1,V1,V1,V1,V1,V1,V1,V2,V1,-2.215,-1.607,-1.092,-1.846,-0.458,-0.513,-0.648,-0.844,-0.68,0.335,1.123,-0.536,-0.092,0.182,-0.374,-1.06,0.401,0.017,0.216,-1
V2,V1,V1,V2,V2,V1,V1,V1,V1,V1,V3,V1,V2,V1,-2.215,-1.607,-0.617,-1.064,-1.104,-0.513,-0.648,-0.844,-0.68,0.568,0.752,1.495,-0.092,-1.285,-0.238,-1.06,0.401,0.017,0.216,-1
V2,V1,V1,V1,V1,V1,V1,V1,V2,V3,V2,V1,V3,V1,-0.557,-0.614,0.823,0.423,-0.07,-1.159,0.339,-0.494,0.537,0.964,-0.562,-0.536,-0.092,-0.002,0.849,0.05,0.401,0.037,0.216,-1
V1,V1,V1,V1,V1,V1,V1,V1,V1,V4,V1,V1,V1,V1,-0.004,-1.235,0.823,1.283,-0.07,0.133,-1.634,1.215,-2.201,-0.924,-0.905,-0.536,-0.092,0.182,0.034,3.379,0.401,-1.21,0.216,1
V1,V1,V1,V1,V1,V1,V1,V1,V1,V4,V1,V1,V1,V1,0.272,-1.235,-0.617,0.892,-0.845,0.133,-1.196,1.215,-1.592,-0.924,-0.905,1.089,-0.092,0.182,0.034,3.379,0.401,-1.21,0.216,1
V2,V2,V1,V2,V2,V1,V1,V2,V1,V7,V1,V1,V2,V2,-0.557,-0.614,-1.092,-0.282,-1.363,0.133,-0.319,-0.844,-0.375,0.568,0.752,-0.536,-0.092,-2.568,0.034,-0.394,0.401,0.037,0.216,-1
V2,V2,V1,V2,V2,V1,V1,V2,V1,V7,V2,V1,V2,V1,-0.557,-0.614,-0.127,0.892,-1.363,0.779,-0.648,-0.844,-0.375,0.568,0.752,-0.536,-0.092,-2.568,0.034,-0.394,0.401,0.018,0.216,-1
V2,V1,V1,V2,V2,V1,V1,V1,V2,V2,V2,V3,V2,V1,-0.557,-1.979,-0.617,2.066,0.835,-0.513,-0.099,-0.844,0.537,1.234,-0.305,-0.536,-0.092,0.182,-0.238,-1.06,0.401,0.018,0.216,-1
V2,V1,V1,V2,V2,V1,V1,V1,V1,V7,V2,V1,V2,V2,0.549,-0.986,-1.092,1.283,0.706,NA,0.449,-0.844,1.45,-0.007,1.666,-0.536,-0.092,-0.735,-0.51,-1.06,0.401,0.037,0.216,-1
V2,V1,V1,V1,V2,V1,V1,V1,V3,V5,V3,V2,V1,V1,-1.11,-1.607,1.787,-2.629,-2.138,0.133,1.654,-0.158,-1.288,0.568,-0.591,-0.536,-0.092,-0.735,0.034,-1.504,0.401,0.018,0.216,-1
V2,V1,V1,V1,V2,V1,V1,V1,V3,V5,V1,V2,V1,V1,-1.11,-1.607,2.262,0.501,-1.104,0.133,2.093,-0.844,-1.288,1.234,-0.305,-0.536,-0.092,0.731,1.393,-1.504,0.401,0.018,0.216,-1
V1,V1,V1,V1,V1,V1,V1,V1,V1,V1,V3,V1,V1,V1,0.549,-0.614,-1.092,-0.595,-2.397,-0.513,-0.648,0.689,-0.223,-0.546,-0.505,0.276,-0.092,-0.002,-0.51,-1.504,0.401,-1.21,0.216,1
V1,V1,V1,V1,V1,V1,V1,V1,V1,V4,V1,V1,V4,V2,-0.557,-0.49,0.823,7.152,-0.07,0.779,-0.099,0.441,0.842,-0.133,-0.648,5.961,-0.092,-0.185,0.034,1.16,0.401,-0.605,0.216,1
V1,V1,V1,V1,V1,V1,V1,V2,V1,V4,V2,V1,V4,NA,-0.557,-0.49,1.067,-0.728,-0.328,0.133,-1.634,0.207,0.537,-0.744,0.752,-0.13,-0.092,0.548,1.121,1.16,0.401,-0.605,0.216,1
V1,V1,V1,V1,V1,V1,V1,V1,V1,V4,V1,V1,V4,V2,-0.557,-1.483,-0.617,-0.282,-0.199,0.133,-1.196,0.529,0.537,-0.636,-0.019,-0.536,-0.092,0.182,0.034,1.16,0.401,0.037,0.216,-1
V1,V1,V1,V1,V1,V1,V1,V1,V1,V4,V2,V1,V4,V2,-0.557,-1.483,-1.092,-0.282,0.06,0.133,-1.196,0.879,0.537,-1.194,0.181,-0.536,-0.092,0.182,0.034,1.16,0.401,0.037,0.216,-1
NA,V1,V1,V1,V1,V1,V1,V1,V1,V4,V1,V1,V4,V1,NA,-0.986,-0.127,-0.908,-1.363,0.133,-1.415,-0.844,0.537,1.234,-0.305,-0.536,-0.092,0.182,0.577,1.16,0.401,0.682,0.216,1
NA,V1,V1,V1,V1,V1,V1,V1,V1,V4,V1,V1,V4,V2,NA,-0.366,-0.617,-1.064,0.189,0.133,-0.099,-0.844,0.537,1.234,-0.305,-0.536,-0.092,NA,NA,1.16,0.401,1.325,0.216,1
NA,V1,V1,V1,V1,V1,V1,V2,V1,V4,V1,V1,V4,V1,NA,-1.359,-0.127,0.814,-0.845,1.425,-0.538,-0.844,0.537,1.234,-0.305,-0.536,-0.092,0.182,0.034,1.16,0.401,0.682,0.216,1
V1,V1,V1,V1,V1,V1,V1,V1,V1,V7,V2,V1,V4,V1,-0.557,-1.359,1.067,2.457,0.835,-0.836,-0.099,-0.844,0.233,1.234,-0.305,1.089,-0.092,-1.102,1.121,1.16,0.401,0.682,0.216,1
V2,V1,V1,V1,V2,V1,V1,V1,V1,V1,V3,V1,NA,V1,-0.28,-1.235,0.348,-1.064,-1.104,-0.513,-1.196,-0.508,-0.223,0.335,0.409,1.089,-0.092,0.182,-0.782,0.05,0.401,-1.21,0.216,-1
V2,V1,V1,V2,V2,V1,V1,V1,V1,V8,V2,V1,V2,V2,-1.11,-1.483,-1.092,0.657,0.706,1.425,-0.099,-0.844,0.842,1.234,-0.305,1.089,-0.092,-0.735,-0.238,-1.06,0.401,-1.78,0.216,-1
V2,V1,V1,V2,V1,V1,V1,V1,V4,V6,V2,V2,V1,V2,-1.11,-0.738,0.348,-0.986,-1.75,1.425,NA,-0.844,-0.984,0.694,0.552,-0.536,-0.092,0.365,0.034,1.16,0.401,1.325,0.216,-1
V2,V1,V1,V1,V1,V1,V2,V1,V3,V5,V1,V2,V1,V2,0.549,-0.986,0.823,-1.048,-1.363,0.133,2.75,0.237,-0.071,-0.438,0.238,-0.536,1.112,1.098,0.849,1.16,0.401,1.325,0.216,-1
V2,V1,V1,V1,V1,V1,V1,V1,V2,V3,V1,V2,V1,V2,2.484,-0.738,-1.092,0.11,0.189,-1.159,0.339,1.537,-0.427,-2.183,0.466,1.901,-0.092,0.182,0.034,1.16,0.401,1.325,0.216,-1
V2,V1,V1,V2,V2,V1,V1,V1,V1,V1,V1,V1,V2,V2,1.102,-1.731,-0.127,0.501,-0.458,-0.513,-1.196,-0.026,0.081,-0.007,0.095,-0.536,-0.092,-2.935,-0.646,-0.394,0.401,1.325,0.216,-1
V2,V1,V1,V1,V2,V1,V1,V1,V1,V1,V1,V1,NA,V1,-0.28,-1.235,-1.092,-1.064,0.189,-0.513,-1.196,0.237,-0.223,-0.438,0.238,-0.536,-0.092,-0.552,-0.238,0.05,0.401,-1.21,0.216,-1
V1,V1,V1,V1,V1,V1,V1,V1,V4,V6,V5,V2,V1,V2,0.825,-0.738,-1.092,-0.047,-0.845,0.133,NA,0.967,-0.68,-0.744,-0.705,-0.536,-0.092,0.182,0.034,1.16,0.401,1.325,0.216,-1
V2,V1,V1,V2,V1,V1,V1,V1,V4,V6,V6,V2,V1,V2,-1.11,-0.738,-1.092,-0.125,-2.009,1.425,NA,-0.844,-0.984,0.694,0.552,-0.536,-0.092,-0.185,-0.238,1.16,0.401,1.325,0.216,-1
V1,V1,V1,V1,V1,V1,V1,V1,V4,V6,V4,V2,V1,V2,0.825,-0.738,-0.617,0.501,-1.363,0.133,NA,-0.844,-0.68,0.568,0.752,1.089,-0.092,-0.185,-0.51,1.16,0.401,1.325,0.216,-1
V2,V1,V1,V1,V2,V1,V1,V1,V2,V3,V2,V1,NA,V2,0.438,-0.986,1.067,-0.673,-0.587,0.133,-0.867,0.485,0.233,0.209,-1.276,0.276,-0.092,-3.118,-2.14,0.05,0.401,0.037,0.216,1
V1,V1,V1,V1,V1,V1,V1,V1,V4,V6,V4,V2,V1,V2,0.825,-1.731,-0.617,-1.064,-0.716,0.133,NA,0.558,-0.68,-0.438,-0.391,-0.536,-0.092,-0.185,0.034,1.16,0.401,1.325,0.216,-1
V1,V1,V1,V1,V1,V1,V1,V1,V4,V6,V2,V2,V1,V2,0.825,-0.986,-0.127,-0.203,-0.328,-1.159,0.01,0.12,-0.527,-0.133,-0.019,-0.536,-0.092,0.182,1.393,1.16,0.401,1.325,0.216,-1
V2,V1,V1,V1,V2,V1,V1,V1,V1,V8,V2,V1,V3,V2,-0.557,-0.862,-1.092,0.579,-0.07,1.102,-0.099,-0.026,-0.071,-0.007,0.095,-0.536,-0.092,-0.735,0.034,0.05,0.401,0.037,0.216,-1
V1,V1,V1,V1,V1,V1,V1,V1,V4,V6,V5,V2,V1,NA,0.825,-1.731,-1.092,-0.282,-1.621,0.133,NA,1.098,-0.68,-0.007,1.037,-0.536,-0.092,-0.002,-0.51,1.16,0.401,-0.605,0.216,-1
V2,V1,V1,V1,V2,V1,V1,V1,V1,V4,V1,V1,NA,V2,-0.557,-0.986,1.067,0.892,-0.845,-0.513,-1.196,0.485,0.537,0.209,-1.276,1.089,-0.092,0.182,-1.325,0.05,0.401,0.037,0.216,-1
V2,V1,V1,V1,V2,V1,V1,V1,V1,V4,V2,V1,NA,V2,-0.557,-0.986,1.067,0.579,-1.104,-0.513,-1.196,0.777,0.537,-0.007,-1.504,1.089,-0.092,-1.102,-0.238,0.05,0.401,0.037,0.216,-1
V2,V1,V1,V2,V2,V1,V1,V1,V1,V7,V2,V1,V2,V2,-0.557,-0.986,-0.127,0.501,0.189,-0.836,-0.099,-0.026,0.233,-0.007,0.095,-0.536,-0.092,-0.368,0.849,-1.06,0.401,0.037,0.216,-1
V1,V1,V1,V1,V1,V1,V1,V1,V1,V1,V3,V1,V1,V1,-0.004,-0.738,NA,-0.516,-0.458,-0.513,-0.099,1.347,-0.272,-1.014,-1.019,0.276,-0.092,-1.651,-1.053,-0.172,0.401,0.037,0.216,1
V2,V1,V1,V1,V2,V1,V1,V1,V2,V3,V1,V1,NA,NA,1.655,-0.242,0.823,-0.36,-0.199,0.133,-0.428,-0.844,-0.527,0.568,0.752,-0.536,-0.092,0.182,-0.782,-0.394,0.401,0.059,0.216,-1
V1,V1,V1,V1,V1,V1,V1,V2,V1,V1,V3,V1,NA,V2,1.102,-0.242,-0.127,-2.238,-1.104,-0.513,-0.099,-0.026,-0.223,-0.007,0.095,-0.536,-0.092,0.182,-0.238,-0.172,0.401,0.724,0.216,1
V1,V1,V1,V1,V1,V1,V1,V1,V1,V1,V1,V1,NA,V1,-0.004,-0.738,NA,-0.203,-0.458,-0.513,-1.196,1.347,-0.223,-1.014,-1.019,-0.536,-0.092,-1.468,-0.238,-0.172,0.401,0.037,0.216,-1
V2,V1,V1,V1,V2,V1,V1,V1,V2,V3,V2,V1,NA,V2,1.102,-0.242,-1.092,0.188,-0.587,0.133,-0.757,-0.844,-0.527,0.568,0.752,-0.536,-0.092,0.182,1.936,-0.394,0.401,0.059,0.216,-1
V2,V1,V1,V2,V2,V1,V1,V1,V1,V8,V1,V1,NA,V1,-0.557,-0.242,-0.617,-0.047,-0.587,1.425,0.339,-0.844,0.537,1.234,-0.305,-0.536,-0.092,-0.368,0.034,0.05,0.401,-0.605,0.216,-1
V2,V1,V1,V2,V2,V1,V1,V1,V1,V8,V2,V1,NA,V1,-0.557,-0.242,-0.617,1.127,-0.07,1.102,-0.099,-0.844,0.537,1.234,-0.305,-0.536,-0.092,-0.002,-0.238,0.05,0.401,-0.605,0.216,-1
V1,V1,V1,V1,V1,V1,V1,V1,V1,V1,V3,V1,V1,V1,-0.28,-0.614,0.348,-1.064,-0.199,-0.513,1.216,1.464,0.081,-1.104,-1.133,2.713,-0.092,-1.651,-0.51,-0.172,0.401,-0.605,0.216,1
V2,V2,V1,V2,V2,V1,V1,V1,V1,V8,V5,V1,V2,V1,-1.11,-0.862,-1.092,0.11,2.775,0.779,-0.099,-0.844,1.146,-0.438,2.351,-0.536,-0.092,-4.401,-2.684,-1.06,0.401,-0.605,0.216,1
V1,V1,V1,V1,V1,V1,V1,V2,V1,V4,V1,V1,V1,V2,-0.336,-0.862,0.348,-0.282,0.189,2.717,-1.196,1.595,-1.592,-1.194,-1.219,-0.536,-0.092,0.182,-2.14,1.16,0.401,1.391,0.216,-1
V1,V1,V1,V1,V1,V1,V1,V2,V1,V4,V2,V1,V1,V2,-0.004,-0.862,0.348,0.11,-0.458,2.717,-1.196,1.215,-1.592,-0.924,-0.905,-0.536,-0.092,0.182,1.393,1.16,0.401,1.391,0.216,-1
V2,V1,V1,V2,V2,V1,V1,V1,V1,V7,V1,V1,V2,V2,0.549,-0.986,0.348,0.501,-1.104,0.456,-0.099,-0.348,1.754,0.209,0.352,-0.536,-0.092,0.182,-0.51,-1.06,0.401,0.018,0.216,-1
V2,V1,V1,V2,V2,V1,V1,V1,V1,V7,V2,V1,V2,V2,0.217,-0.986,-0.127,0.501,0.189,-0.836,-0.099,0.485,1.754,-0.924,0.523,-0.536,-0.092,0.182,0.305,-1.06,0.401,0.018,0.216,-1
V2,V1,V1,V2,V2,V1,V1,V1,V1,V7,V1,V1,V2,V1,-1.11,-0.366,-0.617,0.501,-0.328,0.456,-0.099,0.456,0.233,-1.104,0.866,-0.536,-0.092,0.182,0.577,-1.06,0.401,0.037,0.216,-1
V2,V1,V1,V2,V2,V1,V1,V1,V1,V7,V2,V1,V2,V1,-1.11,-0.366,-0.617,0.501,0.965,-0.836,-0.099,1.507,0.233,-1.985,0.209,-0.536,-0.092,0.182,1.393,-1.06,0.401,0.037,0.216,-1
V1,V1,V1,V1,V1,V1,V1,V1,V3,V5,V1,V2,V1,V2,3.037,0.379,-1.092,-0.673,0.447,0.133,2.093,-0.523,0.233,0.191,0.866,-0.536,-0.092,1.098,-0.238,1.16,-2.574,-0.605,0.216,-1
V1,V1,V1,V1,V1,V1,V1,V1,V4,V6,V4,V2,V1,V2,0.272,0.379,-1.092,0.564,-1.233,1.425,NA,-0.362,-0.375,-0.025,0.723,-0.536,-0.092,0.182,-0.238,1.16,-3.849,0.053,0.216,-1
V1,V1,V1,V1,V1,V1,V1,V1,V2,V3,V1,V2,V1,V2,1.655,-0.118,0.348,-0.282,-0.845,0.133,-0.099,1.478,-0.375,-2.057,0.352,-0.13,-0.092,1.098,-1.325,1.16,-2.574,-0.605,0.216,1
V2,V2,V1,V2,V2,V2,V1,V1,V1,V7,V2,V1,V2,V2,0.549,-0.366,0.823,0.344,-1.104,NA,-0.099,-0.844,0.233,0.568,0.752,1.495,-0.092,0.182,0.577,-1.06,-2.574,-0.605,0.216,-1
V2,V2,V1,V2,V2,V1,V1,V1,V1,V7,V1,V1,V1,V2,0.549,-0.366,-0.617,0.11,-1.363,0.456,-0.099,-0.844,0.233,0.317,1.152,3.525,-0.092,-1.651,0.034,-1.06,-2.574,-0.605,0.216,-1
V2,V1,V1,V2,V2,V1,V1,V1,V2,V2,V2,V2,V2,V2,-0.557,0.379,-0.617,-0.282,0.189,0.133,-0.319,-0.844,-0.071,0.568,0.752,-0.536,-0.092,0.182,0.577,-1.06,-2.574,-0.605,0.216,-1
V2,V1,V1,V2,V2,V1,V1,V1,V2,V2,V1,V2,V2,V2,-0.557,0.379,0.348,-0.282,1.223,0.133,-0.319,-0.844,-0.071,0.568,0.752,-0.536,-0.092,0.182,0.577,-1.06,-2.574,-0.605,0.216,-1
V1,V1,V1,V1,V1,V1,V1,V2,V1,V1,V3,V1,V1,V1,-0.557,0.379,0.823,-0.986,0.189,NA,-1.196,2.778,0.081,-2.578,-1.333,0.682,-0.092,0.182,-0.51,1.16,0.401,0.053,0.216,-1
V1,V1,V1,V1,V3,V1,V1,V2,V3,V5,V1,V2,V1,NA,0.549,1.743,NA,1.283,2.775,-0.513,2.312,-0.026,-0.527,-0.025,0.095,-0.536,-0.092,1.098,-1.053,2.269,NA,NA,0.216,1
V1,V1,V1,V1,V3,V1,V1,V2,V1,V1,V3,V1,V1,V2,0.825,1.371,2.262,-0.673,2.128,0.133,-1.196,-0.844,0.385,0.568,0.752,-0.536,-0.092,-0.735,0.034,0.716,-1.724,-0.605,0.216,1
V1,V1,V1,V1,V1,V1,V1,V2,V3,V5,V1,V2,V1,V2,0.549,0.627,-1.092,-0.829,3.421,0.133,4.285,-0.844,-0.68,-0.025,1.694,-0.536,-0.092,1.098,0.034,2.269,-1.724,-0.605,0.216,1
V2,V1,V1,V2,V2,V1,V1,NA,V4,V6,V7,V2,V3,V1,0.272,1.371,0.823,-0.282,0.706,NA,NA,-0.026,NA,0.101,-0.105,-0.536,-0.092,0.182,0.034,0.05,0.401,-1.264,0.216,-1
V2,V1,V1,V2,V2,V1,V1,NA,V4,V6,V5,V2,V3,V1,0.272,1.371,NA,-0.282,0.189,NA,NA,-0.026,NA,0.101,-0.105,-0.536,-0.092,0.182,0.034,0.05,0.401,-1.224,0.216,-1
V2,V1,V1,V2,V2,V1,V1,V1,V2,V2,V2,V3,V2,V2,-1.663,0.875,2.262,0.423,0.318,-0.513,-0.099,-0.844,0.994,1.234,-0.305,3.525,-0.092,0.182,0.034,-1.06,-1.724,-2.602,0.216,-1
V2,V1,V1,V2,V2,V1,V1,V1,V2,V2,V1,V3,V2,V2,-1.663,0.875,0.823,0.736,-0.07,-0.513,-0.099,-0.844,0.994,0.568,0.752,3.525,-0.092,0.182,0.034,-1.06,-1.724,-2.602,0.216,-1
V2,V1,V1,V2,V2,V1,V1,V1,V1,V7,V1,V1,V2,V2,-1.663,0.006,0.348,0.501,-1.104,0.456,-1.196,-0.844,1.298,0.568,0.752,-0.536,-0.092,-1.651,-1.053,-1.06,-1.724,0.053,0.216,-1
V2,V1,V1,V2,V2,V2,V1,V1,V1,V7,V2,V1,V2,V2,-1.663,0.006,0.823,0.501,-0.328,0.779,-0.648,1.946,1.298,-2.326,-0.105,0.682,-0.092,-2.201,-1.325,-1.06,-1.724,0.053,0.216,-1
V2,V1,V1,V2,V2,V1,V1,V1,V1,V4,V2,V1,V2,V2,-1.663,0.875,2.751,-0.282,2.516,0.133,-0.099,-0.844,1.45,0.568,0.752,1.901,-0.092,-0.277,0.034,-1.06,-1.724,-0.605,0.216,-1
V2,V1,V1,V2,V2,V1,V1,V1,V1,V4,V1,V1,V2,V2,-1.663,0.875,2.751,-0.282,2.258,0.133,-0.099,-0.844,1.45,0.568,0.752,1.901,-0.092,1.098,-0.646,-1.06,-1.724,-0.605,0.216,-1
V1,V1,V1,V2,V1,V1,V1,V2,V2,V2,V2,V1,V2,V2,0.825,0.379,2.262,0.736,1.482,0.133,0.777,-0.844,-0.071,1.234,-0.019,-0.536,-0.092,0.915,0.305,-0.394,-1.724,-0.605,0.216,-1
V1,V1,V1,V2,V1,V1,V1,V2,V2,V2,V1,V1,V2,V2,1.157,0.379,-0.617,-0.282,0.447,0.133,0.777,-0.844,-0.071,0.568,0.752,-0.536,-0.092,-0.735,0.034,-0.394,-1.724,-0.605,0.216,-1
V1,V1,V1,V1,V1,V1,V2,V1,V1,V1,V1,V1,V1,NA,-0.557,0.379,NA,-0.595,0.835,NA,-1.196,2.326,0.081,-2.183,-1.076,-0.536,-0.092,0.182,-0.51,1.16,NA,NA,0.216,-1
V1,V1,V1,V1,V1,V1,V1,V1,V4,V6,V5,V2,V5,V2,0.549,0.254,0.348,0.501,-1.75,0.133,NA,1.464,-1.592,-1.104,-1.105,-0.536,-0.092,0.182,0.034,-1.504,-1.724,-1.903,0.216,-1
V1,V1,V1,V1,V1,V1,V1,V1,V4,V6,V7,V2,V5,V2,0.549,0.254,0.348,0.892,1.482,0.133,NA,0.806,-1.592,-0.744,-0.419,-0.536,-0.092,0.182,-0.782,-1.504,-1.724,-0.605,0.216,-1
V1,V1,V1,V1,V3,V1,V1,V1,V3,V5,V3,V2,V1,V2,0.549,0.999,1.312,-1.846,1.74,-0.513,1.983,-0.844,-1.592,0.568,0.752,-0.536,-0.092,1.098,0.305,1.16,-1.724,-0.605,0.216,1
V1,V1,V1,V1,V1,V1,V1,V2,V2,V2,V2,V2,V1,V2,1.378,0.503,0.823,-1.064,0.965,0.133,-0.099,1.055,-0.375,-1.014,-0.448,-0.536,-0.092,0.915,-0.238,-0.172,-1.724,-0.605,0.216,-1
V1,V1,V1,V1,V1,V1,V1,V2,V2,V2,V1,V2,V1,V2,1.102,0.503,0.348,-1.846,0.965,0.133,-0.319,1.157,-0.375,-1.194,-0.362,-0.536,-0.092,1.098,-0.51,-0.172,-1.724,-0.605,0.216,-1
NA,V1,V1,V2,V2,V1,V1,V1,V2,V2,V2,V2,V2,NA,NA,1.123,NA,0.11,0.189,NA,-0.099,1.055,-0.223,-0.241,-1.704,-0.536,-0.092,0.64,0.034,-0.394,NA,NA,0.216,-1
NA,V1,V1,V2,V2,V1,V1,V1,V2,V2,V1,V2,V2,NA,NA,1.123,NA,-0.282,-0.07,-0.513,0.339,1.347,-0.223,-1.014,-1.019,-0.536,-0.092,0.182,0.034,-0.394,NA,NA,0.216,-1
V1,V1,V1,V1,V3,V1,V1,V2,V4,V6,V7,V2,V1,V2,0.549,0.999,1.787,-0.282,1.482,0.133,NA,-0.844,-0.984,0.568,0.752,-0.536,-0.092,0.182,0.034,1.16,-1.724,-0.605,0.216,1
V1,V1,V1,V1,V1,V1,V1,V2,V1,V1,V3,V1,V1,V2,1.102,-0.242,-0.617,0.188,0.189,1.425,-0.099,4.385,0.385,-2.506,-4.589,-0.13,-0.092,0.548,0.034,1.16,-0.874,-0.605,0.216,1
V1,V1,V1,V1,V1,V1,V1,V1,V2,V2,V1,V2,NA,V2,2.207,-0.242,0.823,-1.455,0.447,-0.513,-0.099,-0.844,-1.44,2.259,-1.933,-0.13,-0.092,0.182,0.034,0.716,-0.874,0.033,0.216,1
V2,V1,V1,V1,V1,V1,V1,V2,V3,V5,V1,V2,V1,V2,2.207,1.743,1.787,-1.064,2.775,0.133,0.997,0.178,-1.896,0.443,-1.047,-0.536,-0.092,0.182,0.034,1.16,-1.724,-0.605,0.216,1
V2,V1,V1,V2,V2,V1,V1,NA,V1,V7,V7,V1,V2,V1,0.549,0.875,0.348,0.501,NA,0.779,-0.757,-0.844,1.146,0.568,0.752,-0.536,-0.092,-2.201,-1.053,-1.06,1.251,-1.853,0.216,-1
V1,V1,V1,V1,V1,V1,V1,V2,V2,V2,V2,V2,NA,V2,2.207,0.875,1.787,-0.282,-0.587,-0.513,0.12,-0.844,-0.071,0.335,1.123,-0.13,-0.092,0.182,0.034,0.716,-0.874,0.033,0.216,1
V2,V1,V1,V2,V2,V1,V1,NA,V1,V7,V1,V1,V2,V1,0.549,0.875,0.823,0.11,-0.458,0.456,-0.757,-0.844,1.146,0.568,0.752,-0.536,-0.092,-1.651,-1.053,-1.06,1.251,-0.605,0.216,-1
V1,V1,V1,V1,V1,V1,V1,V1,V2,V3,V2,V1,V1,V1,1.931,-0.49,-1.567,1.283,-0.458,0.133,-0.099,1.245,-0.375,-1.445,-0.134,-0.536,-0.092,1.098,-1.325,1.16,0.401,-1.224,0.216,1
V2,V1,V1,V2,V2,V1,V1,V1,V1,V4,V2,V1,V2,V1,-0.557,-0.49,-1.092,-0.282,-0.458,0.133,-0.648,-0.844,0.842,0.982,0.095,-0.536,-0.092,-0.002,0.305,-0.394,0.401,-1.224,0.216,-1
V1,V1,V1,V1,V1,V1,V1,V1,V1,V1,V1,V1,V1,V1,-0.004,-0.49,-1.092,-1.064,0.189,0.133,-1.196,1.785,-0.071,-1.913,-0.448,-0.536,-0.092,0.182,-0.51,1.16,0.401,-1.224,0.216,-1
V1,V1,V1,V1,V1,V1,V1,V2,V1,V1,V3,V1,NA,NA,0.549,0.999,0.823,-0.673,-0.975,-0.513,-1.196,0.777,-0.527,-0.025,-1.504,-0.536,-0.092,0.182,0.034,1.16,NA,NA,0.216,1
V1,V1,V1,V1,V1,V1,V1,V1,V2,V2,V1,V2,V1,V2,1.655,0.875,0.823,-0.203,1.87,1.425,-0.648,-0.844,-0.527,0.083,-1.333,-0.536,-0.092,0.182,0.034,1.16,-1.724,-0.605,0.216,1
V1,V1,V1,V1,V1,V1,V1,V2,V2,V2,V1,V2,V1,V2,0.549,0.875,1.312,-1.455,2.775,0.133,0.449,-0.844,-0.223,-0.025,1.694,0.682,-0.092,0.548,-1.325,1.16,-1.724,-0.605,0.216,1
V1,V1,V1,V1,V1,V1,V1,V1,V3,V5,V1,V2,V1,V2,-0.557,0.627,0.348,0.892,0.189,NA,1.545,2.121,-1.288,-2.057,-0.876,-0.536,-0.092,1.098,-1.053,1.16,-1.724,-0.605,0.216,-1
V1,V1,V1,V1,V1,V1,V1,V1,V3,V5,V3,V2,V1,V1,-1.663,0.627,2.262,0.501,-1.104,NA,3.189,2.34,-1.288,-1.841,-1.647,-0.536,-0.092,1.098,-0.238,1.16,0.401,-1.244,0.216,-1
V1,V1,V1,V1,V1,V1,V2,V1,V2,V2,V2,V2,V1,V2,-0.833,0.627,0.348,-1.064,0.447,-0.513,-0.319,-0.844,-0.375,0.568,0.752,0.276,-0.092,0.182,-1.325,1.16,-1.724,-0.605,0.216,-1
V1,V1,V1,V1,V1,V1,V2,V1,V4,V6,V4,V2,V1,V1,0.549,0.627,0.823,-0.595,-0.587,0.133,NA,0.251,-1.288,-0.331,0.038,-0.536,9.536,-0.002,-0.51,1.16,0.401,-1.244,0.216,-1
V1,V1,V1,V1,V1,V1,V2,V1,V4,V6,V5,V2,V1,V1,1.378,0.627,3.226,-1.221,-0.716,0.133,NA,-0.202,-1.288,-0.528,1.237,-0.536,-0.092,-0.735,-1.325,1.16,0.401,-1.244,0.216,-1
V2,V1,V1,V2,V2,V1,V1,V1,V1,V4,V1,V1,V2,V1,-0.004,0.503,-1.092,-1.064,-0.716,0.133,-0.099,-0.844,0.842,0.982,0.095,-0.536,-0.092,0.182,-0.51,-0.394,0.401,-1.244,0.216,1
V2,V1,V1,V2,V2,V1,V1,V1,V1,V7,V2,V1,V2,V1,-1.663,0.627,-1.092,-0.516,1.094,0.779,-1.196,-0.844,0.994,0.568,0.752,4.337,-0.092,-1.651,-1.053,-1.06,0.401,-1.244,0.216,-1
V2,V1,V1,V2,V2,V1,V1,V1,V1,V7,V1,V1,V2,V2,-0.557,0.627,0.823,-0.047,0.965,0.456,0.12,-0.844,0.994,0.568,0.752,4.337,-0.092,-0.368,-0.51,-1.06,-1.724,-0.605,0.216,-1
V1,V1,V1,V2,V2,V1,V1,V1,V4,V6,V6,V2,V1,V1,1.102,0.627,1.787,-0.282,1.094,0.133,NA,-0.844,-1.744,1.234,-0.305,-0.536,-0.092,0.182,0.034,1.16,0.401,-1.244,0.216,-1
V1,V1,V1,V2,V2,V1,V1,V1,V4,V6,V2,V2,V1,V1,1.102,0.627,1.787,-0.282,1.87,0.133,NA,-0.844,-1.744,1.234,-0.305,-0.536,-0.092,0.182,0.034,1.16,0.401,-1.244,0.216,-1
V1,V1,V1,V1,V1,V1,V2,V2,V2,V3,V1,V2,V1,V1,1.655,0.627,0.348,0.501,1.094,-0.513,-0.538,0.689,-1.136,-0.924,0.123,0.682,-0.092,1.098,0.849,1.16,0.401,-1.853,0.216,1
V1,V1,V1,V1,V1,V1,V1,V2,V3,V5,V1,V2,V1,V2,1.655,0.254,0.348,2.066,3.163,-0.513,2.093,2.384,-0.68,-2.632,-0.476,-0.536,-0.092,1.098,-0.782,1.16,-1.724,0.433,0.216,-1
V1,V1,V1,V1,V1,V1,V1,V2,V3,V5,V3,V2,V1,V2,1.378,0.254,1.312,-0.673,-1.104,-0.513,2.97,2.106,-0.68,-2.452,-0.219,0.682,-0.092,1.098,0.034,1.16,-1.724,0.433,0.216,-1
V1,V1,V1,V1,V1,V1,V1,V2,V3,V5,V3,V2,V1,V1,1.931,1.247,0.348,-1.064,0.835,0.133,2.093,-0.333,-0.497,0.209,0.323,0.276,-0.092,1.098,0.034,-0.616,0.401,-1.853,0.216,-1
V1,V1,V1,V1,V1,V1,V1,V2,V3,V5,V1,V2,V1,V2,2.207,1.247,1.312,-0.438,0.189,-1.805,1.545,2.004,-0.497,-2.38,-0.134,-0.536,-0.092,1.098,0.034,-0.616,-1.724,0.433,0.216,-1
V2,V1,V1,V2,V2,V1,V1,V1,V1,V8,V1,V1,V2,V1,0.549,1.247,-0.127,-0.908,1.223,1.425,-0.209,-0.844,1.602,-0.546,2.522,NA,-0.092,0.182,0.305,-1.06,0.401,-1.853,0.216,-1
V2,V1,V1,V2,V2,V1,V1,V1,V1,V8,V6,V1,V2,V2,0.549,1.247,0.823,-1.846,-0.845,1.425,1.106,-0.844,1.602,0.568,0.752,NA,-0.092,-0.735,0.034,-1.06,-1.724,0.433,0.216,-1
V2,V1,V1,V2,V2,V1,V1,V2,V1,V1,V1,V1,V2,V2,-0.004,1.247,1.787,-1.064,-0.07,0.133,-1.196,2.895,0.842,-2.326,-1.961,-0.536,-0.092,0.182,-0.51,-1.06,-1.724,0.433,0.216,-1
V2,V1,V1,V2,V2,V1,V1,V1,V1,V1,V3,V1,V2,V2,0.549,1.247,0.823,-1.768,-1.104,0.133,-0.648,2.326,0.842,-2.506,-0.562,1.495,-0.092,0.182,-0.51,-1.06,-1.724,0.433,0.216,-1
V2,V1,V1,V2,V2,V1,V1,NA,V1,V4,V1,V3,V2,V2,-1.386,0.379,-0.127,0.11,-0.07,1.425,-0.648,-0.844,0.233,0.568,0.752,3.525,-0.092,0.182,-1.325,-1.06,-1.724,-1.943,0.216,-1
V2,V1,V1,V2,V2,V1,V1,NA,V1,V4,V2,V3,V2,V2,-1.386,0.379,3.226,0.11,-0.07,1.425,-0.648,-0.844,0.233,0.568,0.752,3.525,-0.092,-1.835,-0.51,-1.06,-1.724,0.033,0.216,-1
V2,V1,V1,V2,V2,V1,V1,V1,V1,V4,V2,V1,V2,V1,-0.557,0.379,-1.092,-0.282,-0.845,0.133,0.449,-0.844,2.058,0.515,0.837,-0.536,-0.092,-0.552,0.305,-1.06,0.401,-0.605,0.216,-1
V2,V1,V1,V2,V2,V1,V1,V1,V1,V4,V1,V1,V2,V1,-0.557,0.379,1.312,-0.282,-0.07,0.133,-1.196,-0.844,2.058,0.982,0.095,-0.536,-0.092,0.182,-0.782,-1.06,0.401,-0.605,0.216,-1
V2,V1,V1,V2,V2,V1,V1,V1,V1,V7,V2,V1,V2,V2,-0.004,0.379,-1.092,-0.282,0.189,0.456,-1.196,-0.844,0.537,0.568,0.752,-0.536,-0.092,-1.651,-1.053,-0.394,-1.724,1.611,0.216,-1
NA,V1,V1,V2,V1,V1,V1,V2,V2,V3,V2,V1,NA,V2,NA,0.006,-1.567,0.501,-0.458,-1.159,-0.099,-0.844,-0.071,0.568,0.752,-0.536,-0.092,-0.552,0.034,-1.06,-1.724,-0.605,0.216,1
V2,V1,V1,V2,V2,V1,V1,V1,V1,V8,V1,V1,V1,V2,-0.557,0.379,1.787,-0.125,1.223,0.779,NA,0.017,1.45,-1.104,1.723,2.713,-0.092,0.182,0.034,-0.394,-1.724,1.611,0.216,-1
V2,V1,V1,V2,V2,V1,V1,V1,V1,V8,V2,V1,V1,V2,-0.557,0.379,0.823,-0.516,1.482,0.779,NA,-0.844,1.45,-0.546,2.522,1.089,-0.092,1.098,0.305,-0.394,-1.724,1.611,0.216,-1
V1,V1,V1,V1,V1,V1,V1,V1,V2,V3,V1,V2,V1,V2,1.378,0.379,1.312,0.657,0.06,-1.159,-0.867,1.931,-0.984,-1.445,-1.476,1.495,-0.092,1.098,0.034,-0.616,-1.724,-1.943,0.216,-1
V1,V1,V1,V1,V1,V1,V1,V2,V3,V5,V1,V2,V1,V2,1.655,0.254,0.823,0.892,1.223,0.133,2.641,2.384,-0.832,-2.632,-0.476,-0.536,-0.092,1.098,-0.51,1.16,-1.724,0.413,0.216,-1
V1,V1,V1,V1,V1,V1,V1,V1,V2,V3,V2,V2,V1,V2,1.102,0.379,0.348,0.344,0.06,-1.159,-0.099,0.967,-0.984,-0.744,-0.705,-0.536,-0.092,1.098,-1.325,-0.616,-1.724,-1.943,0.216,-1
V1,V1,V1,V1,V1,V1,V1,V2,V3,V5,V3,V2,V1,V2,1.655,0.254,0.348,-0.516,-1.104,0.133,2.093,2.106,-0.832,-2.452,-0.219,0.682,-0.092,1.098,0.034,1.16,-1.724,1.611,0.216,-1
V2,V1,V1,V2,V2,V1,V1,V1,V2,V3,V1,V1,V2,V2,-0.004,0.254,0.348,-0.125,-0.07,1.425,NA,1.098,0.994,-0.834,-0.819,0.276,-0.092,0.182,0.305,-1.06,-1.724,1.611,0.216,-1
V2,V1,V1,V2,V2,V1,V1,V1,V2,V3,V2,V1,V2,V2,-1.11,0.254,-0.127,-0.516,0.189,1.425,NA,-0.041,0.994,-0.007,0.095,-0.536,-0.092,0.182,-1.597,-1.06,-1.724,1.611,0.216,-1
V2,V1,V1,V2,V1,V1,V1,V1,V2,V3,V1,V1,NA,V2,-1.11,0.503,3.226,-0.282,-1.104,-1.159,0.12,-0.844,0.385,0.568,0.752,-0.536,-0.092,0.182,0.849,-1.06,-1.724,-0.605,0.216,1
V2,V1,V1,V2,V2,V1,V1,V2,V2,V3,V1,V1,NA,V2,-1.11,0.503,-0.617,-0.282,-1.104,-1.159,0.449,-0.844,0.537,0.568,0.752,-0.536,-0.092,0.182,1.393,-1.06,-1.724,-0.605,0.216,1
NA,V1,V1,V2,V1,V1,V1,V2,V2,V3,V2,V1,V1,V2,NA,0.379,0.823,1.283,1.999,-2.451,-0.538,-0.844,0.233,0.209,1.323,-0.536,-0.092,0.182,-0.238,-1.06,-1.724,-0.605,0.216,-1
V2,V1,V1,V2,V1,V1,V1,V2,V2,V3,V1,V1,V1,V1,NA,0.379,-1.092,-1.064,0.189,-2.128,0.339,-0.348,0.233,0.209,0.352,-0.536,-0.092,0.182,0.849,-1.06,0.401,0.732,0.216,-1
V2,V1,NA,V2,V2,V1,V1,V1,V1,V8,V1,V1,V2,V2,-1.663,-0.118,-1.092,0.188,0.706,1.425,NA,-0.844,1.754,0.568,0.752,1.089,-0.092,0.182,-0.238,-0.394,-1.724,-1.244,0.216,-1
V2,V1,NA,V2,V2,V1,V1,V1,V1,V8,V2,V1,V2,V2,-1.663,-0.118,0.823,0.344,1.74,1.425,NA,-0.844,1.754,0.515,0.752,0.276,-0.092,1.098,1.121,-0.394,-1.724,-1.244,0.216,-1
V1,V1,V1,V1,V1,V1,V2,V1,V3,V5,V3,V2,V1,V2,-0.004,-0.118,-1.092,-0.673,-1.104,0.133,1.216,-0.07,-0.375,-0.546,1.009,-0.536,-0.092,1.098,-0.51,1.16,2.526,-0.605,0.216,-1
V1,V1,V1,V1,V1,V1,V2,V1,V3,V5,V1,V3,V1,V2,-0.557,-0.118,-0.127,-1.455,-0.458,0.133,1.545,-0.844,-0.375,0.568,0.752,-0.536,-0.092,1.098,-1.053,1.16,-1.724,-0.605,0.216,-1
V1,V1,V1,V1,V1,V1,V1,V1,V1,V1,V3,V1,V1,V2,0.549,-0.118,-1.092,0.657,-0.458,0.133,-0.648,-0.362,0.081,-0.133,0.923,0.276,-0.092,0.548,-0.238,1.16,-1.724,-0.605,0.216,-1
V1,V1,V1,V1,V1,V1,V1,V2,V3,V5,V3,V2,V5,V2,-0.004,0.379,0.823,-0.438,-1.104,0.133,2.093,1.055,-1.227,-0.241,-1.704,-0.536,-0.092,1.098,-0.238,-1.504,-1.724,0.772,0.216,-1
V1,V1,V1,V1,V1,V1,V1,V2,V3,V5,V1,V2,V5,V2,-0.004,0.379,-0.617,-0.829,-1.492,0.133,1.545,0.952,-1.227,-0.744,-0.705,-0.536,-0.092,1.098,-1.053,-1.504,-1.724,0.772,0.216,-1
V2,V1,V1,V2,V2,V1,V1,V2,V2,V2,V1,V3,V2,V1,-0.004,0.379,-0.127,-1.064,1.482,0.133,-0.099,-0.844,0.537,0.568,0.752,-0.536,-0.092,1.098,0.034,-0.394,0.401,0.053,0.216,-1
V2,V1,V1,V2,V2,V1,V1,V2,V1,V1,V3,V1,NA,V2,-1.663,0.379,-0.617,0.344,-1.363,0.133,-0.648,0.09,0.537,-0.438,0.523,1.089,-0.092,-0.185,-0.51,0.05,-1.724,0.772,0.216,-1
V2,V1,V1,V2,V2,V1,V1,V1,V1,V7,V2,V1,NA,V2,-1.663,0.379,3.226,-1.377,-1.104,0.456,-0.099,-0.844,0.537,0.568,0.752,-0.536,-0.092,-0.185,-0.238,-1.06,-1.724,-0.605,0.216,-1
V2,V1,V1,V2,V2,V1,V1,V1,V1,V1,V1,V1,NA,V2,-1.663,0.379,0.823,1.127,-0.975,0.133,-0.648,1.785,0.537,-1.913,-0.476,-0.536,-0.092,0.182,-0.238,0.05,-1.724,0.772,0.216,-1
V2,V1,V1,V2,V2,V1,V1,V1,V1,V7,V1,V1,NA,V2,-1.663,0.379,-1.567,-0.595,-1.104,0.456,-0.099,-0.844,0.537,0.568,0.752,-0.536,-0.092,-1.651,-1.053,-1.06,-1.724,0.772,0.216,-1
V2,V1,V1,V2,V2,V1,V1,V1,V2,V3,V2,V3,V2,V2,-0.004,0.379,-1.567,2.066,1.482,-1.159,-0.538,0.368,0.157,-0.636,0.295,-0.536,-0.092,1.098,0.034,-0.394,-1.724,0.772,0.216,-1
V2,V1,V1,V2,V2,V1,V1,V1,V2,V2,V2,V3,V2,V2,-0.004,0.379,1.312,-0.282,2.775,0.133,0.229,-0.508,0.537,0.209,0.666,-0.536,-0.092,0.64,-0.238,-0.394,-1.724,0.772,0.216,-1
V1,V1,V1,V1,V1,V1,V1,V1,V4,V6,V5,V2,NA,V2,-0.004,0.627,0.348,0.11,-0.07,0.133,NA,0.777,-1.44,-0.025,-1.504,-0.536,-0.092,-0.368,-0.238,-1.504,-1.724,-0.605,0.216,-1
V1,V1,V1,V1,V1,V1,V1,V1,V4,V6,V4,V2,NA,V1,-0.004,0.627,-0.617,0.501,-1.88,0.133,NA,0.777,-1.44,-0.025,-1.504,-0.536,-0.092,0.182,-1.325,-1.504,0.401,0.053,0.216,-1
V1,V1,V1,V1,V1,V1,V1,V2,V1,V8,V1,V1,NA,V2,-0.004,0.627,0.823,-0.36,0.835,1.425,-0.099,1.683,-0.68,-1.356,-1.133,-0.536,-0.092,0.731,0.034,1.16,-1.724,-0.605,0.216,-1
V1,V1,V1,V1,V1,V1,V1,V2,V1,V8,V6,V1,V2,V2,-1.663,0.627,1.312,-0.516,0.577,1.425,-0.099,0.733,-0.68,-0.331,-0.876,-0.536,14.35,0.365,0.577,1.16,-1.724,-0.605,0.216,-1
V2,V1,V1,V2,V2,V1,V1,V1,V1,V8,V1,V1,V2,V2,1.378,0.751,1.312,-0.047,0.706,1.425,-0.099,1.931,1.754,-1.445,-1.504,-0.536,-0.092,1.098,0.034,-0.394,0.401,-1.853,0.216,-1
V2,V1,V1,V2,V2,V1,V1,V1,V1,V8,V6,V1,V2,V2,1.378,0.751,NA,-0.908,-0.07,1.425,-0.099,0.689,1.754,-0.546,-0.505,-0.536,-0.092,0.182,0.034,-0.394,0.401,-1.853,0.216,-1
V1,V1,V1,V1,V1,V1,V2,NA,V2,V2,V5,V3,V1,V1,0.272,-0.242,1.312,-0.282,0.706,0.133,-0.319,-0.523,-0.68,-0.241,1.409,-0.536,-0.092,1.098,-0.238,-0.172,-3.849,1.012,0.216,1
V1,V1,V1,V1,V1,V1,V1,V2,V1,V1,V3,V1,V1,V1,1.378,0.006,0.823,-0.125,-1.104,-0.513,-0.648,0.777,0.081,-0.924,-0.048,0.682,-0.092,0.182,-0.51,-0.172,-3.849,-0.605,0.216,-1
V1,V1,V1,V1,V1,V1,V1,V2,V1,V1,V1,V1,V1,V1,1.378,0.006,-0.127,0.188,0.318,0.133,-0.648,0.587,0.081,-1.194,0.752,-0.536,-0.092,0.548,-1.053,-0.172,-3.849,-0.605,0.216,-1
V2,V1,V1,V1,V2,V1,V1,V1,V1,V7,V1,V1,NA,V2,-0.557,0.503,3.701,0.031,0.189,0.456,-0.099,0.646,1.754,-0.834,0.066,-0.536,-0.092,-1.285,-0.782,-1.06,2.526,-1.853,0.216,-1
V2,V1,V1,V1,V2,V1,V1,V1,V1,V7,V2,V1,NA,V2,-0.004,0.503,0.348,0.579,0.447,0.133,-0.099,-0.844,1.754,0.568,0.752,-0.536,-0.092,-0.735,-0.51,-1.06,2.526,-1.853,0.216,-1
V1,V1,V1,V1,V1,V1,V1,V1,V4,V6,V5,V2,V1,V1,-0.557,0.379,0.348,-0.282,-1.104,NA,NA,0.616,NA,-1.014,0.409,-0.536,-0.092,0.182,-0.51,5.598,-3.849,-0.605,0.216,-1
V1,V1,V1,V1,V1,V1,V1,V1,V4,V6,V4,V2,V1,V2,-0.28,0.379,0.348,-0.282,-1.104,NA,NA,1.113,-0.984,-1.356,-0.019,0.276,-0.092,0.182,0.034,5.598,2.526,-1.853,0.216,-1
V1,V1,V1,V1,V1,V1,V1,V2,V3,V5,V3,V2,V2,V2,0.825,0.503,0.823,-1.064,-1.104,-0.513,2.641,0.31,-0.68,0.335,-1.179,1.089,-0.092,1.098,-0.51,1.16,2.526,-1.853,0.216,-1
V1,V1,V1,V1,V1,V1,V1,V1,V3,V5,V1,V2,V2,V2,0.825,0.503,2.262,-1.064,0.189,NA,2.641,0.602,-0.68,-1.104,0.58,-0.536,-0.092,1.098,-1.325,1.16,2.526,-1.853,0.216,-1
V2,V1,V1,V2,V2,V1,V1,V1,V2,V2,V5,V3,V2,V2,-1.11,2.612,1.312,-0.125,-0.845,1.425,0.558,-0.844,1.146,1.719,-1.076,-0.536,-0.092,0.182,0.034,-1.06,0.401,-1.883,-5.178,1
V2,V1,V1,V2,V2,V1,V1,V2,V2,V2,V5,V3,V2,V2,-1.11,0.627,-0.127,-0.282,-1.104,1.425,0.229,-0.844,1.602,1.719,-1.076,-0.536,-0.092,0.182,0.034,-1.06,0.401,-1.853,-5.178,1
V2,V1,V1,V2,V2,V1,V1,V2,V2,V3,V1,V1,V2,NA,NA,-0.614,NA,0.501,-0.845,-1.159,0.12,-0.844,-0.457,0.568,0.752,-0.536,-0.092,0.182,1.393,-1.06,NA,NA,NA,1
V2,V1,V1,V2,V2,V1,V1,V2,V2,V2,V5,V3,V2,V2,-0.557,1.123,-1.092,0.11,-0.716,0.133,-0.319,-0.844,0.081,1.719,-1.076,-0.536,-0.092,0.731,0.034,-1.06,0.401,-0.605,-5.178,1
V1,V1,V1,V1,V1,V1,V1,V2,V3,V5,V3,V2,V1,V1,1.655,-0.118,-0.617,-0.673,-1.104,0.133,1.545,1.434,-0.527,-1.769,-0.019,0.276,-0.092,0.182,0.034,1.16,0.401,-0.605,0.216,-1
V1,V1,V1,V1,V1,V1,V1,V2,V2,V3,V1,V2,V1,V2,1.655,-0.118,-0.127,-0.36,1.223,-1.805,0.12,0.66,-0.375,-0.744,-0.134,1.495,-0.092,1.098,0.849,1.16,0.401,0.053,0.216,-1
V1,V1,V1,V1,V1,V1,V1,V2,V3,V5,V1,V2,V1,V2,1.655,-0.118,0.348,-0.673,-2.397,0.133,0.997,1.931,-0.527,-1.445,-1.504,-0.536,-0.092,0.182,0.034,1.16,0.401,0.053,0.216,-1
V1,V1,V2,V1,V1,V1,V1,V2,V2,V3,V2,V2,V1,V2,2.207,-0.118,-0.127,-0.282,0.965,-2.451,-0.319,0.689,-0.375,-0.546,-0.505,0.276,-0.092,0.182,-1.053,1.16,0.401,0.053,0.216,-1
V1,V1,V1,V1,V1,V1,V1,V1,V4,V6,V4,V2,V1,V1,1.102,-0.49,1.312,-1.846,-1.104,NA,NA,1.215,-0.68,-0.924,-0.933,-0.536,-0.092,0.182,-1.325,1.16,-1.724,0.642,0.216,-1
V1,V1,V1,V1,V1,V1,V1,V1,V4,V6,V5,V2,V1,V1,2.207,-0.49,1.312,-2.629,-1.363,NA,NA,-0.844,-0.68,0.568,0.752,-0.536,-0.092,0.731,-0.51,1.16,-1.724,0.642,0.216,-1
V1,V1,V1,V2,V2,V1,V1,V1,V4,V6,V6,V2,V1,V1,1.102,-0.49,-0.617,0.11,-0.587,NA,NA,-0.844,-0.68,1.234,-0.305,-0.536,-0.092,0.182,0.034,1.16,-1.724,0.642,0.216,-1
V1,V1,V1,V2,V2,V1,V1,V1,V4,V6,V2,V2,V1,V2,1.102,-0.49,-1.092,-1.064,-0.975,NA,NA,-0.844,-0.68,1.234,-0.305,-0.536,-0.092,0.182,-0.782,1.16,0.401,-2.542,0.216,-1
V1,V1,V1,V1,V1,V1,V1,V1,V2,V3,V2,V2,V1,V2,2.207,1.123,-0.127,-0.673,0.189,-2.451,0.777,1.464,0.233,-1.104,-1.133,-0.536,-0.092,0.915,-0.782,1.16,0.401,0.053,0.216,-1
V1,V1,V1,V1,V1,V1,V1,V1,V2,V3,V1,V2,V1,V2,1.655,1.123,-0.127,-1.064,-0.328,-1.805,-0.099,0.66,0.233,-0.744,-0.134,1.495,-0.092,0.365,0.305,1.16,0.401,0.053,0.216,-1
V2,V1,V1,V2,V2,V1,V1,V2,V2,V2,V5,V3,V2,V2,-0.557,-0.242,-0.127,-1.064,0.447,-0.513,-0.099,-0.844,0.994,1.719,-1.076,-0.13,-0.092,0.182,-0.238,-1.06,0.401,-1.853,-5.178,1
V2,V1,V1,V1,V2,V1,V1,V2,V2,V2,V5,V1,V1,V2,1.102,-0.118,-2.056,-1.064,0.189,-0.513,0.12,0.324,0.537,0.784,-1.876,-0.536,-0.092,0.182,-0.238,0.05,0.401,-1.893,-5.178,1
V2,V1,V1,V1,V2,V1,V1,V1,V2,V2,V5,V1,V1,V2,1.102,-0.366,1.312,-0.673,-0.328,-1.159,-0.099,0.324,0.537,0.784,-1.876,-0.536,-0.092,0.182,0.034,0.05,0.401,-1.893,-5.178,1
V1,V1,V1,V1,V1,V1,V1,V2,V1,V1,V3,V1,V1,V2,1.102,-0.118,-0.127,1.283,1.352,1.425,-0.976,0.675,-0.527,-0.636,-0.305,-0.231,-0.092,0.182,0.305,-0.172,0.401,-1.893,-5.178,1
V2,V1,V1,V1,V1,V1,V1,V1,V2,V3,V1,V1,V5,V1,1.102,-0.118,-1.092,1.283,-0.07,-2.451,0.12,0.573,0.233,-0.618,-0.134,-0.536,-0.092,1.098,-0.238,0.05,0.401,-1.21,-5.178,1
V2,V2,V1,V2,V2,V1,V1,V1,V1,V7,V1,V1,V2,V2,-0.28,-0.366,-1.092,0.501,-1.104,0.456,0.449,-0.844,0.689,1.989,-1.504,0.276,-0.092,-1.285,0.034,-1.06,0.401,-1.893,-5.178,-1
V2,V2,V1,V2,V2,V1,V1,V2,V1,V7,V2,V1,V2,V2,-0.28,-0.366,-1.092,-0.282,-0.328,0.779,-0.099,-0.319,0.689,0.82,-0.676,-0.536,-0.092,0.182,0.034,-1.06,0.401,-1.893,-5.178,-1
V2,V1,V1,V2,V2,V1,V1,V2,V1,V4,V2,V1,V5,V1,-1.11,-0.366,-0.617,-0.673,-0.328,0.133,-1.196,-0.844,1.222,1.234,-0.305,1.089,-0.092,0.548,0.577,-0.394,0.401,0.642,-5.178,-1
V2,V1,V1,V2,V2,V1,V1,V2,V1,V4,V1,V1,V5,V1,-1.11,-0.366,0.348,-0.673,-0.587,0.133,-1.196,-0.844,1.222,1.234,-0.305,1.089,-0.092,-0.735,0.577,-0.394,0.401,0.642,-5.178,-1
V2,V1,V1,V2,V2,V1,V1,V1,V2,V2,V2,V3,V2,V2,-1.663,-0.366,-0.617,-0.282,1.223,0.133,0.449,0.28,NA,0.371,-1.133,-0.536,-0.092,0.731,-0.51,-1.06,0.401,-0.605,-5.178,-1
V1,V1,NA,V1,V1,V1,V1,V2,V1,V1,V1,V1,V1,V1,0.272,-0.242,2.262,-0.673,1.223,-0.513,-0.648,4.195,0.537,-2.183,-4.732,-0.536,-0.092,0.182,-0.782,1.16,0.401,-1.21,-5.178,-1
V1,V1,V1,V1,V1,V1,V1,V1,V4,V6,V5,V2,V1,V1,1.655,-0.366,1.312,-1.064,-0.328,1.425,NA,-0.026,-0.68,-0.007,0.066,-0.536,-0.092,0.182,-0.782,1.16,0.401,-1.21,-5.178,-1
V1,V1,V1,V1,V1,V1,V1,V1,V4,V6,V4,V2,V1,V1,1.655,-0.366,1.787,0.501,-0.845,1.425,NA,1.376,-0.68,-1.985,0.466,-0.536,9.536,-0.552,-0.782,1.16,0.401,-1.21,-5.178,-1
V2,V1,V1,V1,V1,V1,V1,V2,V2,V3,V2,V1,V1,V1,0.272,0.13,0.348,-0.125,-0.328,0.133,-0.099,1.712,-0.375,-1.248,-1.362,-0.536,-0.092,0.182,-0.51,0.05,0.401,2.249,0.216,1
V1,V1,V1,V1,V1,V1,V1,V1,V3,V5,V3,V2,V1,V1,-0.28,0.13,0.823,1.127,0.189,-0.513,0.997,-0.844,-0.375,-0.241,2.037,0.682,-0.092,1.098,0.034,-0.172,0.401,0.872,0.216,-1
V2,V1,V1,V1,V1,V1,V1,V1,V2,V2,V2,V1,V5,V1,0.272,0.254,0.348,-0.282,-0.845,0.133,-0.648,2.369,-0.984,-1.751,-1.847,-0.536,-0.092,0.182,-0.51,0.05,0.401,2.249,0.216,1
V2,V1,V1,V1,V1,V1,V1,V1,V2,V2,V1,V1,V5,V1,0.272,0.875,0.823,-1.064,0.835,0.133,-0.319,1.566,-0.071,-1.284,-1.019,-0.536,-0.092,0.182,-1.325,0.05,0.401,2.249,0.216,1
V2,V1,V1,V1,V1,V1,V1,V1,V2,V3,V1,V1,V5,V2,1.102,-0.366,-0.617,2.066,-0.328,-2.451,-0.757,0.616,-0.68,0.784,-2.447,-0.536,-0.092,1.098,-0.238,0.05,0.401,-1.893,-5.178,1
V2,V1,V1,V2,V2,V1,V1,V1,V1,V1,V3,V1,V2,V1,-1.663,0.13,0.823,0.892,0.189,-0.513,0.997,-0.844,-0.071,0.443,0.952,-0.13,-0.092,0.182,-1.597,0.05,0.401,0.872,0.216,1
V1,V1,V1,V1,V1,V1,V1,V2,V3,V5,V1,V2,V1,V2,-0.28,0.13,-0.617,2.066,-1.104,-0.513,1.545,-0.844,-0.375,0.568,0.752,-0.536,-0.092,1.098,-0.782,-0.172,0.401,0.018,0.216,-1
V1,V1,V1,V1,V1,V1,V1,V1,V1,V1,V3,V1,V1,V1,0.272,0.379,0.348,-1.064,-1.75,-0.513,-0.648,1.507,-0.984,-1.985,0.209,1.089,-0.092,0.182,0.034,-0.172,0.401,2.247,0.216,1
V1,V1,V1,V1,V1,V1,V2,V1,V3,V5,V3,V2,V5,V1,1.655,-0.614,0.823,NA,0.189,-0.513,2.093,0.967,-1.315,-0.744,-0.705,0.276,-0.092,0.548,0.034,0.827,0.401,2.247,0.216,-1
V1,V1,V1,V1,V1,V1,V2,V1,V3,V5,V1,V2,V5,V1,1.655,-0.614,0.823,NA,-1.104,-0.513,2.093,1.931,-1.315,-1.445,-1.504,-0.536,-0.092,0.548,-0.782,0.827,0.401,2.247,0.216,-1
V2,V1,V1,V2,V1,V1,V1,V1,V2,V3,V2,V3,V1,V1,-1.11,-0.118,0.348,-1.064,-0.587,-2.451,-0.319,-0.844,2.058,0.568,0.752,-0.536,-0.092,0.182,-0.782,-1.06,0.401,2.247,0.216,-1
V2,V1,V1,V2,V1,V1,V1,V1,V2,V3,V1,V3,V1,V1,-0.557,-0.118,0.348,-1.846,-0.587,-2.451,-0.648,-0.844,2.058,0.568,0.752,0.276,-0.092,0.182,-1.325,-1.06,0.401,2.247,0.216,-1
V2,V1,V1,V2,V2,V1,V1,V2,V1,V4,V1,V1,V2,V1,-1.663,0.254,0.823,-1.064,0.835,0.133,-0.099,1.347,1.42,-1.014,-1.019,-0.536,-0.092,-0.735,1.393,-0.394,0.401,1.531,0.216,-1
V2,V1,V1,V2,V2,V1,V1,V2,V1,V4,V2,V1,V2,V1,-1.663,0.254,0.348,-0.282,0.189,0.133,-0.099,1.347,1.42,-1.014,-1.019,-0.536,-0.092,0.182,0.034,-0.394,0.401,1.531,0.216,-1
V2,V2,V1,V2,V2,V1,V1,V1,V1,V7,V1,V1,V2,V1,-1.663,0.379,0.823,0.736,0.189,0.456,-0.099,-0.844,0.842,0.784,0.409,0.682,-0.092,0.182,0.577,-1.06,0.401,2.247,0.216,-1
V2,V2,V1,V2,V2,V1,V1,V1,V1,V7,V2,V1,V2,V1,-1.663,0.379,NA,-0.36,-0.845,2.717,-0.099,-0.319,0.842,0.82,-0.705,0.073,-0.092,0.182,0.577,-1.06,0.401,2.247,0.216,-1
V2,V1,V1,V2,V2,V1,V1,V1,V2,V3,V2,V1,NA,V2,-1.11,-0.986,1.312,-1.846,-0.458,0.133,NA,-0.844,0.537,1.234,-0.305,-0.536,-0.092,0.182,0.305,-1.06,0.401,-0.605,0.216,1
V1,V1,V1,V1,V1,V1,V1,V1,V1,V1,V3,V1,V1,V2,0.825,-0.986,-0.127,-0.282,-0.975,0.133,-0.319,0.237,-0.984,-0.438,0.238,-0.536,-0.092,0.182,0.034,-0.172,0.401,-0.945,0.216,1
V1,V1,V1,V1,V1,V1,V1,V2,V1,V8,V1,V1,V1,V2,2.207,-0.986,-1.092,0.501,-0.07,0.133,-0.099,0.909,0.842,-1.679,0.895,-0.536,-0.092,-0.735,0.034,1.16,0.401,-0.605,0.216,1
V1,V1,V1,V1,V1,V1,V1,V2,V1,V8,V2,V1,V1,V2,2.207,-1.111,-0.617,1.675,2.775,2.071,-0.648,1.712,1.298,-1.284,-1.305,-0.536,-0.092,0.182,0.034,1.16,0.401,-0.605,0.216,-1
V1,V1,V1,V1,V1,V1,V1,V2,V1,V8,V1,V1,V1,V2,2.207,-1.111,-1.092,1.283,0.189,1.425,-0.976,1.347,1.298,-1.014,-1.019,-0.13,-0.092,0.182,0.034,1.16,0.401,-0.605,0.216,-1
V2,V1,V1,V2,V2,V1,V1,V1,V2,V2,V2,V1,V2,V2,-0.833,-0.986,-1.092,0.501,-0.328,1.102,NA,-0.844,1.085,1.234,-0.305,0.276,-0.092,0.915,0.577,-0.394,0.401,-1.25,0.216,1
NA,V1,V1,V2,V2,V1,V1,V1,V2,V2,V1,V1,V2,NA,NA,-1.111,NA,0.579,-0.716,-0.513,-0.099,-0.844,0.537,1.126,-0.134,-0.536,-0.092,0.731,0.034,-1.06,NA,NA,NA,1
V2,V1,V1,V2,V2,V1,V1,V1,V2,V3,V2,V1,NA,V2,-1.11,-0.986,1.312,-1.846,-0.458,0.133,NA,-0.844,0.537,1.234,-0.305,-0.536,-0.092,0.182,0.305,-1.06,0.401,-0.605,0.216,1
V2,V1,V1,V2,V2,V1,V1,V1,V2,V3,V2,V1,NA,V2,-1.11,-1.111,0.348,0.423,-0.07,-1.805,0.12,-0.844,0.994,1.234,-0.305,-0.536,-0.092,-1.285,-0.238,-1.06,0.401,-0.272,0.216,1
V2,V1,V1,V2,V2,V1,V1,V2,V2,V2,V1,V1,V2,V2,-0.557,-0.986,-0.617,0.11,0.835,0.133,-0.648,-0.158,0.537,0.443,-0.391,-0.536,-0.092,0.182,0.034,-0.394,0.401,-1.25,0.216,1
V2,V1,V1,V2,V2,V1,V1,V1,V2,V2,V1,V1,V2,V2,-0.557,-0.986,-0.127,1.44,-0.07,1.102,NA,-0.698,1.085,0.479,0.609,0.276,-0.092,-0.002,-0.51,-0.394,0.401,-1.25,0.216,1
V1,V1,V1,V1,V1,V1,V1,V1,V1,V1,V3,V1,V1,V2,0.549,-0.986,-0.127,1.283,-0.845,-0.513,-0.099,1.245,-0.68,-1.445,-0.134,-0.536,-0.092,0.182,0.034,-0.172,0.401,-1.25,0.216,1
V1,V1,V1,V1,V1,V1,V1,V2,V1,V1,V3,V1,V1,V1,0.549,-1.111,-1.092,1.283,-0.716,-1.482,-1.196,1.858,-0.071,-1.679,-0.99,0.276,-0.092,0.182,0.034,-0.172,0.401,-0.605,0.216,1
V1,V1,V1,V1,V1,V1,V1,V1,V3,V5,V1,V2,V2,V2,-0.557,-0.986,-1.092,-1.455,-0.328,0.133,2.312,-0.202,-0.296,-0.115,0.58,-0.536,-0.092,1.098,0.034,1.16,0.401,-1.25,0.216,-1
V2,V1,V1,V1,V2,V1,V1,V1,V2,V3,V2,V1,V1,V2,-0.557,-0.986,-0.127,0.814,0.06,-2.128,0.449,-0.771,1.754,0.694,0.409,-0.333,-0.092,0.365,0.305,0.05,0.401,-1.25,0.216,-1
V2,V1,V1,V1,V2,V1,V1,V2,V2,V3,V2,V1,V1,V2,-0.557,0.006,-0.617,-0.282,-1.104,-2.451,-0.757,-0.771,-5.547,0.694,0.409,-0.536,-0.092,1.098,0.034,0.05,0.401,-0.605,0.216,1
V2,V1,V1,V2,V2,V1,V1,V2,V2,V2,V5,V1,V2,V2,-1.386,-0.986,-1.092,-1.846,0.189,0.133,-0.319,-0.844,-0.984,1.234,-0.305,-0.536,-0.092,-4.401,-2.684,-1.06,0.401,-0.605,0.216,1
V2,V1,V1,V1,V2,V1,V1,V1,V2,V3,V1,V1,V1,V2,-0.557,-0.986,-0.617,0.188,0.318,-1.159,0.339,-0.844,1.754,1.234,-0.305,1.495,-0.092,NA,-0.238,0.05,0.401,-1.25,0.216,-1
V2,V1,V1,V1,V2,V1,V1,V1,V2,V3,V3,V1,V1,V2,-0.833,-0.986,-1.092,0.344,0.189,-1.159,0.12,-0.844,1.754,1.234,-0.305,1.495,-0.092,0.182,-0.238,0.05,0.401,-1.25,0.216,-1
V2,V1,V1,V2,V2,V1,V1,V1,V1,V4,V1,V3,V2,V2,-0.004,-1.111,-0.127,-0.36,-0.458,1.425,-0.648,0.689,-0.497,-0.546,-0.476,-0.536,-0.092,0.182,0.034,-1.06,0.401,-0.272,0.216,-1
V2,V1,V1,V2,V2,V1,V1,V1,V1,V4,V2,V3,V2,V2,-0.004,-1.111,-1.092,-1.064,0.189,NA,-1.196,0.266,NA,-0.241,-0.134,-0.536,-0.092,NA,NA,-1.06,0.401,-0.272,0.216,-1
V2,V1,V1,V1,V2,V1,V1,V2,V1,V8,V1,V1,V1,V2,-0.004,-0.986,-1.092,0.501,0.189,0.133,-0.099,-0.392,1.146,-0.834,2.094,-0.536,-0.092,0.182,0.849,0.05,0.401,0.059,0.216,-1
V2,V1,V1,V1,V2,V1,V1,V2,V1,V8,V2,V1,V1,V2,0.549,-0.986,-1.092,0.11,-0.845,0.133,-0.099,-0.099,1.146,-0.906,1.637,-0.536,-0.092,0.182,0.849,0.05,0.401,-1.25,0.216,-1
V1,V1,V1,V1,V1,V1,V1,V2,V3,V5,V3,V2,V1,V2,-0.557,-0.738,-0.617,-1.377,1.482,0.133,1.545,-0.844,-1.331,1.234,-0.305,-0.536,-0.092,1.098,-0.782,1.16,0.401,-1.25,0.216,1
V1,V1,V1,V1,V1,V1,V1,V2,V3,V5,V3,V2,V1,V2,-0.557,-1.111,-1.092,-0.282,-1.75,0.133,2.641,-0.844,-0.527,1.234,-0.305,-0.536,-0.092,0.182,0.034,1.16,0.401,-1.25,0.216,1
V1,V1,V1,V1,V1,V1,V1,V2,V1,V1,V3,V1,V1,V2,0.549,-0.986,-0.127,-1.064,-0.587,-0.513,-1.196,-0.523,-0.071,0.101,0.866,-0.536,-0.092,1.098,0.034,0.716,0.401,-1.229,0.216,1
V2,V1,V1,V2,V2,V1,V1,V1,V2,V2,V2,V1,V2,V2,0.549,-0.49,-1.092,0.657,-0.587,0.133,-0.319,0.733,0.537,-0.403,-0.79,-0.536,-0.092,0.182,0.849,-1.06,0.401,-0.605,0.216,1
V2,V1,V1,V2,V2,V1,V1,V1,V2,V2,V1,V1,V2,V2,0.549,-0.49,-0.127,0.501,1.74,0.133,0.449,-0.844,-0.071,2.223,-1.876,-0.13,-0.092,0.365,0.577,-1.06,0.401,-0.605,0.216,1
V2,V2,V1,V2,V2,V1,V1,V1,V2,V3,V5,V3,V2,V2,-1.386,-0.49,-0.127,0.579,1.223,-2.128,-0.319,-0.844,1.112,1.234,-0.305,-0.536,-0.092,-0.002,-0.51,-1.06,0.401,-0.605,0.216,-1
V2,V2,V1,V2,V2,V1,V1,V1,V2,V3,V1,V3,V2,V2,-1.386,-0.49,-1.092,3.631,0.06,-2.128,-0.209,-0.844,1.112,0.443,0.952,1.495,-0.092,0.182,0.713,-1.06,0.401,-0.605,0.216,-1
V2,V1,V1,V1,V2,V1,V1,V1,V2,V3,V1,V1,V1,V2,2.76,-0.986,0.348,2.144,-0.07,-1.159,-0.319,1.259,0.918,-1.356,-0.305,1.495,-0.092,1.098,-0.238,-0.394,0.401,-0.605,0.216,-1
V2,V1,V1,V1,V2,V1,V1,V1,V2,V3,V2,V1,V1,V2,2.76,-0.986,-0.617,0.501,-0.199,0.481,-0.319,1.478,0.918,-1.643,-0.276,0.682,-0.092,-1.193,-1.053,-0.394,0.401,-0.605,0.216,-1
V2,V2,V1,V2,V2,V1,V1,V1,V2,V3,V2,V3,V2,V2,-0.557,-0.49,-1.092,0.916,-0.07,0.456,-0.757,-0.844,1.112,0.568,0.752,-0.536,-0.092,-0.735,-0.51,-1.06,0.401,-0.605,0.216,-1
V2,V1,V1,V2,V2,V1,V1,V1,V2,V2,V1,V1,V2,V2,-1.386,-0.738,-0.617,-1.064,1.999,-0.513,-0.648,-0.844,-0.071,1.989,-1.504,-0.536,-0.092,-0.552,0.034,-1.06,0.401,-0.605,0.216,1
V2,V2,V1,V2,V2,V1,V1,V2,V2,V2,V5,V3,V2,V1,-0.557,-0.49,-0.127,-0.282,1.223,-1.159,0.339,-0.844,-0.375,1.234,-0.305,-0.536,-0.092,-4.401,-2.684,-1.06,0.401,-0.605,0.216,1
V1,V1,V1,V1,V1,V1,V1,V1,V3,V5,V1,V2,V1,V1,-0.557,-0.614,0.348,-0.282,-1.104,0.133,2.093,-0.844,-0.071,-0.313,2.151,-0.536,-0.092,0.182,0.034,1.16,0.401,-0.605,0.216,1
V1,V1,V1,V1,V1,V1,V1,V2,V3,V5,V3,V2,V1,V1,-0.557,-0.118,-0.617,-1.064,-1.104,0.133,1.545,-0.844,-0.071,0.82,0.352,-0.536,-0.092,0.182,0.034,1.16,0.401,-0.605,0.216,1
V1,V1,V1,V1,V1,V1,V1,V2,V1,V1,V1,V1,V1,V1,-0.004,-1.235,-1.092,-0.282,-0.07,0.133,-1.196,1.288,-0.071,-1.284,-0.476,-0.536,-0.092,0.182,0.034,-0.172,0.401,-0.605,0.216,-1
V2,V1,V1,V1,V2,V1,V1,V1,V1,V4,V1,V3,V1,V2,-0.004,-1.111,-1.092,-1.064,-0.458,1.425,-1.196,0.792,-0.071,-0.834,-0.219,2.713,-0.092,0.182,0.034,0.05,0.401,-0.605,0.216,-1
V2,V1,V1,V1,V2,V1,V1,V1,V1,V4,V2,V3,V1,V1,-0.004,-1.111,0.823,-1.064,-0.458,1.425,-1.196,-0.844,-0.071,0.586,0.723,2.713,-0.092,1.098,2.751,0.05,0.401,-0.605,0.216,-1
V2,NA,V1,V1,V2,V1,V1,V1,V1,V8,V1,V1,V3,V2,-0.004,-1.235,0.823,0.344,-0.07,1.425,0.997,-0.844,1.45,1.234,-0.305,1.089,-0.092,0.182,1.121,0.05,0.401,-0.605,0.216,-1
V2,NA,V1,V1,V2,V1,V1,V1,V1,V8,V2,V1,V3,V2,-0.004,-1.235,-1.092,-0.595,-0.587,1.425,0.12,2.223,1.45,-1.445,-2.047,1.089,-0.092,0.182,0.305,0.05,0.401,-1.25,0.216,-1
V1,V1,V1,V1,V1,V1,V1,V1,V1,V1,V3,V1,V1,V2,-0.004,-1.111,1.787,-0.438,-0.845,-0.513,-1.196,-0.844,-0.071,0.568,0.752,-0.536,-0.092,0.182,-0.238,-0.172,0.401,0.642,0.216,-1
V1,V1,V1,V1,V1,V1,V1,V1,V2,V2,V2,V1,V5,V2,0.549,-1.111,-0.127,0.501,1.223,0.133,0.229,0.836,-0.527,-0.636,-0.619,-0.536,-0.092,0.182,0.034,0.716,0.401,0.642,0.216,-1
V1,V1,V1,V1,V1,V1,V1,V2,V2,V2,V1,V1,V5,V2,0.549,-1.111,0.348,1.283,1.223,0.133,-0.099,-0.844,-0.68,1.234,-3.161,1.495,-0.092,0.365,0.034,0.716,0.401,0.642,0.216,1
V1,V1,V1,V1,V3,V1,V1,V1,V2,V2,V1,V1,V5,V2,0.549,-1.111,-0.617,-0.282,1.482,1.425,0.449,-0.844,-0.527,-0.025,1.694,-0.536,-0.092,0.182,0.034,0.716,0.401,-0.605,0.216,1
V1,V1,V1,V1,V1,V1,V1,V1,V1,V1,V1,V1,V1,NA,0.549,-1.111,1.312,0.11,-0.716,-0.513,-1.196,-0.319,-0.071,0.82,-0.676,-0.536,-0.092,0.182,-0.238,-0.172,0.401,0.642,0.216,-1
V1,V1,NA,V1,V3,V1,V1,V1,V2,V2,V1,V2,V1,V2,-0.004,-0.986,0.348,3.631,0.706,-0.513,0.229,NA,-1.896,NA,NA,-0.536,-0.092,0.182,-1.325,1.16,0.401,0.642,0.216,1
V2,V1,V1,V2,V1,V1,V1,V2,V1,V7,V1,V1,V2,V2,-0.004,-1.111,0.348,-0.282,-1.104,0.456,0.997,-0.844,-0.984,0.568,0.752,0.682,-0.092,-0.735,0.034,-1.06,0.401,-0.605,0.216,1
V1,V1,V1,V1,V1,V1,V1,V1,V2,V3,V2,V3,V1,V2,-0.557,-1.111,-1.092,-2.081,0.706,-1.159,0.12,-0.844,-0.223,1.234,-0.305,-0.536,-0.092,0.182,-0.238,1.16,0.401,-0.605,0.216,-1
V1,V1,V1,V1,V1,V1,V1,V1,V1,V1,V3,V1,NA,V2,-0.557,-1.111,0.823,0.11,-1.88,-0.513,-1.196,0.689,-0.832,-0.546,-0.476,-0.536,-0.092,-0.735,-1.053,1.16,0.401,0.642,0.216,-1
V1,V1,V1,V1,V1,V1,V1,V1,V1,V1,V1,V1,NA,V2,-0.557,-1.111,0.823,0.501,-0.07,-0.513,-1.196,-0.844,-0.832,1.234,-0.305,-0.536,-0.092,0.182,0.034,1.16,0.401,0.642,0.216,-1
V2,V1,V1,V1,V2,V1,V1,V2,V3,V5,V1,V2,V1,V2,-1.441,-1.111,-0.617,0.501,-1.104,-0.513,1.654,-0.844,-1.44,0.82,0.352,-0.536,-0.092,1.098,0.034,-0.172,0.401,-0.605,0.216,-1
V2,V1,V1,V1,V2,V1,V1,V2,V3,V5,V3,V2,V1,V2,-1.441,-1.111,-0.617,0.501,-1.104,-0.513,1.873,-0.844,-1.44,1.485,-0.705,-0.536,-0.092,1.098,0.034,-0.172,0.401,-0.605,0.216,-1
V1,V1,V1,V1,V1,V1,V1,V1,V1,V1,V3,V1,V1,V2,2.484,-0.118,-1.567,0.892,-0.716,0.779,-1.196,1.8,-0.071,-1.445,-1.219,-0.536,-0.092,0.182,-0.51,-0.172,0.401,1.533,0.216,1
V1,V1,V1,V1,V1,V1,V1,V1,V2,V2,V2,V2,V2,V1,-0.004,1.123,0.348,0.501,1.223,0.133,0.229,-0.844,-0.984,0.209,1.323,-0.536,-0.092,0.915,0.305,1.16,0.401,0.037,0.216,1
V1,V1,V1,V1,V3,V1,V1,V2,V2,V3,V1,V3,V1,V2,-0.336,-1.111,-0.127,-0.673,-0.07,1.425,-0.319,-0.844,-0.071,1.09,-0.076,-0.536,-0.092,0.182,2.751,1.16,0.401,-0.605,0.216,1
V1,V1,V1,V1,V3,V1,V1,V2,V2,V2,V1,V2,V2,V2,-0.004,-1.359,0.348,0.501,1.352,-0.513,-0.976,-0.844,-1.592,0.784,0.409,-0.13,-0.092,0.182,0.034,1.16,0.401,0.682,0.216,1
V1,V1,V1,V1,V3,V1,V1,V2,V2,V2,V1,V2,V2,V2,-0.004,-1.111,-0.127,-1.064,1.352,0.133,-0.538,-0.844,-1.136,0.568,0.752,-0.13,-0.092,0.182,0.034,1.16,0.401,0.037,0.216,1
V1,V1,V1,V1,V1,V1,V1,V2,V2,V2,V2,V2,V1,V2,-0.557,0.379,0.348,-0.438,1.094,NA,-0.209,-0.844,-2.505,0.568,0.752,-0.536,-0.092,0.915,0.034,1.16,0.401,0.682,0.216,1
V1,V1,V1,V1,V1,V1,V1,V2,V2,V2,V2,V2,V2,V2,-0.004,-1.111,1.312,0.501,0.577,-0.513,-0.099,-0.844,0.385,0.568,0.752,-0.536,-0.092,0.182,0.034,1.16,0.401,0.682,0.216,1
V1,V1,V1,V1,V1,V1,V1,V2,V3,V5,V1,V2,V1,V2,-0.004,-1.235,-0.127,-1.612,-1.104,0.133,2.093,-0.844,-0.375,0.82,0.352,-0.536,-0.092,1.098,-0.51,0.716,0.401,2.958,0.216,-1
V1,V1,V1,V1,V1,V1,V1,V2,V3,V5,V3,V2,V1,V2,-0.004,-1.235,-0.127,-1.612,-1.104,0.133,2.093,-0.844,-0.375,1.485,-0.705,-0.536,-0.092,1.098,-0.782,0.716,0.401,2.958,0.216,-1
V1,V1,V1,V1,V1,V1,V1,V2,V2,V3,V2,V3,V1,NA,-1.11,-1.111,-1.092,0.11,0.189,1.425,-0.538,-0.844,-0.071,1.234,-0.305,0.682,-0.092,0.182,2.751,1.16,0.401,-0.605,0.216,-1
V1,V1,V1,V1,V1,V1,V1,V1,V1,V1,V1,V1,V1,V2,2.207,-0.118,-1.092,-0.203,-0.458,-0.513,-1.196,1.931,-0.071,-1.445,-1.476,-0.536,-0.092,0.548,-1.053,-0.172,0.401,1.533,0.216,-1
V1,V1,V1,V1,V1,V1,V1,V1,V1,V1,V3,V1,V1,V2,1.102,-1.359,0.348,-0.203,-1.233,-0.513,-1.196,2.004,-1.136,-2.057,-0.648,-0.536,-0.092,0.182,-0.238,-0.172,0.401,0.682,0.216,-1
V1,V1,V1,V1,V1,V1,V1,V1,V2,V2,V1,V2,V1,V1,1.876,0.13,2.262,-0.282,-0.07,0.133,-0.319,0.017,-1.288,0.568,-0.933,1.089,-0.092,0.182,-0.51,1.16,0.401,0.037,0.216,1
V2,V1,V1,V2,V2,V1,V1,V1,V2,V3,V1,V3,V2,V2,-0.833,-1.111,-1.092,0.501,-1.104,-1.805,-0.319,-0.844,1.754,0.568,0.752,0.682,-0.092,1.098,-0.51,-1.06,0.401,0.682,0.216,1
V1,V1,V1,V1,V1,V1,V1,V1,V2,V2,V1,V2,V1,V2,-0.557,0.379,-0.127,5.352,-0.199,-0.513,0.12,0.069,-2.505,0.11,-0.305,-0.536,-0.092,1.098,0.577,1.16,0.401,0.682,0.216,1
V2,V1,V1,V2,V2,V1,V1,V1,V2,V3,V2,V3,V2,V2,-0.833,-1.359,-1.092,-1.064,0.189,-2.451,-0.757,-0.844,1.754,0.568,0.752,0.276,-0.092,0.182,-0.51,-1.06,0.401,0.682,0.216,-1
V2,V1,V1,V2,V2,V1,V1,V1,V2,V3,V1,V3,V2,V2,-0.833,-0.118,NA,0.11,2.128,-0.513,-0.538,-0.844,1.602,1.234,-0.305,-0.13,-0.092,0.365,-1.053,-1.06,0.401,0.682,0.216,-1
V2,V1,V1,V2,V2,V1,V1,V1,V2,V3,V1,V3,V2,V2,-0.833,-1.235,NA,-0.282,0.189,-1.159,-0.099,-0.844,1.748,0.568,0.752,3.119,-0.092,0.182,-0.782,-1.06,0.401,0.682,0.216,-1
V2,V1,V1,V2,V2,V1,V1,V1,V1,V4,V2,V1,V2,V2,0.549,-1.359,0.348,-0.282,-0.845,0.133,-0.099,-0.844,1.246,0.568,0.752,2.713,-0.092,-1.651,0.034,-0.394,0.401,0.682,0.216,-1
V2,V1,V1,V2,V2,V1,V1,V1,V1,V4,V1,V1,V2,V2,0.549,-1.359,-0.617,-0.282,1.223,0.133,-0.099,-0.844,1.246,0.568,0.752,2.713,-0.092,1.098,0.034,-0.394,0.401,0.682,0.216,-1
V2,V1,V1,V2,V2,V1,V1,V1,V1,V8,V1,V1,V2,NA,-0.004,-1.235,-1.092,0.579,-0.587,1.425,-0.099,-0.844,-0.071,1.234,-0.305,-0.13,-0.092,0.182,0.577,-1.06,0.401,0.682,0.216,-1
V2,V1,V1,V2,V2,V1,V1,V1,V1,V8,V2,V1,V2,V2,0.549,-1.235,-1.092,0.266,0.189,1.425,1.325,-0.844,-0.071,1.234,-0.305,-0.13,-0.092,0.182,1.393,-1.06,0.401,0.682,0.216,-1
V2,V1,V1,V2,V2,V1,V1,V1,V1,V7,V1,V1,V2,V2,-1.663,-1.235,0.823,0.11,-0.587,0.456,-0.099,-0.479,0.233,0.425,0.266,1.292,-0.092,-0.918,0.849,-1.06,0.401,2.245,0.216,-1
V1,V1,V1,V1,V1,V1,V1,V1,V2,V2,V1,V2,V1,V2,-0.557,-1.235,-0.127,0.11,-0.328,0.133,-0.319,-0.319,-0.223,0.82,-0.705,1.089,-0.092,1.098,0.034,1.16,0.401,2.958,0.216,-1
V1,V1,V1,V1,V1,V1,V1,V1,V1,V1,V1,V1,V1,V1,0.77,0.13,-0.127,0.501,-0.07,0.133,-0.099,1.215,-1.744,-0.924,4.236,-0.536,-0.092,1.098,-0.238,-0.172,0.401,0.037,0.216,1
V1,V1,V1,V1,V1,V1,V1,V2,V3,V5,V3,V2,NA,V1,-0.004,1.371,-0.617,-0.282,-0.328,0.133,2.093,-0.844,-0.984,0.568,0.752,-0.536,-0.092,1.098,0.577,0.716,0.401,0.038,0.216,1
V2,V1,V1,V2,V2,V1,V1,V2,V1,V7,V1,V1,NA,NA,-0.557,0.875,-1.092,1.283,-0.458,-3.453,-0.099,-0.844,0.233,0.568,0.752,-0.536,-0.092,0.365,1.121,-1.06,0.401,0.038,0.216,1
V1,V1,V1,V1,V1,V1,V1,V1,V3,V5,V3,V2,NA,V2,1.655,1.123,-0.617,-0.282,0.189,0.133,2.75,1.245,-1.349,-1.445,-0.134,-0.536,-0.092,1.098,0.034,0.716,0.401,0.672,0.216,-1
V2,V1,V1,V1,V2,V1,V1,V1,V2,V3,V2,V2,NA,V1,0.272,1.743,-1.092,-1.064,0.189,-1.159,-0.428,0.836,-0.299,-0.636,-0.619,0.682,-0.092,1.098,-0.238,-0.172,0.401,0.018,0.216,-1
V2,V1,V1,V1,V2,V1,V1,V2,V2,V3,V1,V1,NA,V2,-0.557,0.875,-1.092,0.11,0.706,-1.805,-0.648,0.47,0.537,-0.51,-0.105,1.495,-0.092,1.098,0.305,0.05,0.401,0.018,0.216,-1
V2,V1,V1,V1,V2,V1,V1,V1,V2,V3,V2,V1,NA,V2,-0.557,0.875,-0.127,-0.282,0.189,-2.774,NA,-0.377,0.537,-0.331,1.266,-0.536,-0.092,0.182,0.034,0.05,0.401,0.018,0.216,-1
V2,V1,V1,V1,V2,V1,V1,V1,V2,V3,V1,V2,NA,V1,0.272,1.743,-1.092,0.266,1.094,-2.451,NA,-0.026,-0.299,-0.007,0.095,0.682,-0.092,1.098,-0.374,-0.172,0.401,0.018,0.216,-1
V2,V1,V1,V2,V2,V1,V1,V1,V2,V3,V2,V3,NA,V2,-0.557,1.371,-1.092,-1.299,1.611,-1.805,0.12,-0.026,1.45,-0.007,0.095,0.276,-0.092,0.182,0.034,-0.394,0.401,-0.605,0.216,-1
V2,V1,V1,V2,V2,V1,V1,V1,V2,V3,V1,V3,NA,V2,-0.557,1.371,-1.092,-0.36,0.189,-1.159,-0.319,-0.348,1.459,0.209,0.352,0.276,-0.092,0.182,-1.053,-0.394,0.401,-0.605,0.216,-1
V2,V1,V1,V2,V2,V1,V1,V1,V1,V1,V1,V1,NA,V1,-0.004,0.875,-1.092,-0.282,-0.458,-0.513,-1.196,0.689,0.842,-0.546,-0.505,-0.536,-0.092,0.182,-0.782,-0.394,0.401,0.018,0.216,-1
V2,V1,V1,V2,V2,V1,V1,V1,V1,V1,V3,V1,NA,V1,-0.004,0.875,-1.092,-0.282,-0.845,-0.513,-0.648,0.689,0.842,-0.546,-0.505,1.495,-0.092,0.182,-0.51,-0.394,0.401,0.018,0.216,-1
V1,V1,V1,V1,V1,V1,V1,V1,V1,V1,V3,V1,NA,V2,-0.336,0.875,-0.617,0.501,-0.07,-1.159,-0.648,-0.844,-0.071,0.568,0.752,1.495,-0.092,0.182,0.034,-0.172,0.401,0.018,0.216,-1
V2,V1,V1,V1,V2,V1,V1,V1,V3,V5,V1,V2,NA,V2,-1.939,-1.235,-0.127,1.737,0.189,0.133,2.093,-0.348,-1.014,0.209,0.352,-0.536,-0.092,1.098,0.034,0.05,0.401,0.018,0.216,-1
V2,V1,V1,V1,V2,V1,V1,V1,V3,V5,V3,V2,NA,V1,-1.11,-1.235,-0.127,1.017,-0.07,0.133,2.093,0.266,-1.014,-0.241,-0.162,-0.536,-0.092,1.098,0.034,0.05,0.401,0.732,0.216,-1
V1,V1,V1,V1,V1,V1,V1,V1,V3,V5,V1,V2,NA,V2,1.655,1.123,-1.092,-0.282,0.189,0.133,2.093,0.675,-1.349,-1.517,1.123,-0.536,-0.092,1.098,0.034,0.716,0.401,0.692,0.216,-1
V2,V1,V1,V1,V2,V1,V1,V1,V3,V5,V1,V2,NA,V2,-0.557,1.123,-1.092,-0.282,0.189,-0.513,2.093,-0.844,-1.288,0.568,0.752,-0.536,-0.092,1.098,-1.053,-0.172,0.401,0.013,0.216,-1
NA,V1,V1,V1,V2,V1,V1,V1,V3,V5,V3,V2,NA,V2,NA,1.123,-1.092,-0.282,0.189,-0.513,2.093,0.12,-1.288,-0.133,-0.019,1.901,-0.092,1.098,0.305,-0.172,0.401,0.013,0.216,-1
V1,V1,V1,V1,V1,V1,V1,V1,V3,V5,V1,V3,NA,V2,-0.004,0.875,-1.092,1.283,-0.845,0.133,NA,-0.377,-1.075,-0.331,1.266,-0.536,-0.092,1.098,0.034,-0.172,0.401,-0.605,0.216,-1
V2,V1,V1,V2,V2,V1,V1,V1,V2,V2,V2,V2,NA,V2,-0.557,1.123,-1.092,-0.673,0.835,1.425,0.449,-0.844,-1.744,0.568,0.752,0.479,-0.092,-1.651,0.034,-1.06,0.401,-0.605,0.216,1
V2,V1,V1,V1,V2,V1,V1,V1,V2,V2,V1,V2,NA,V2,-0.557,2.24,-1.092,-0.673,-0.328,-0.513,-0.976,-0.844,-1.744,0.568,0.752,-0.13,-0.092,0.182,0.034,0.05,0.401,-0.605,0.216,1
V2,V1,V1,V2,V2,V1,V1,V2,V2,V2,V1,V2,NA,V2,-0.004,1.247,-1.092,-1.064,2.516,0.133,-0.099,-0.844,-0.68,0.568,0.752,0.276,-0.092,-0.002,-0.238,-1.06,0.401,-0.605,0.216,1
V2,V1,V1,V1,V2,V1,V1,V2,V2,V3,V2,V2,NA,V2,1.102,1.247,0.103,4.413,-0.07,1.425,-0.319,-0.844,-0.984,0.568,0.752,0.682,-0.092,0.182,-0.782,0.05,0.401,-0.605,0.216,1
V2,V1,V1,V2,V2,V1,V1,V1,V2,V3,V2,V3,NA,V1,-0.28,0.13,-1.092,0.501,0.447,0.133,-0.099,-0.844,0.994,0.568,0.752,-0.536,-0.092,0.182,0.034,-0.394,0.401,1.391,0.216,1
V1,V1,V1,V1,V3,V1,V1,V2,V2,V3,V1,V2,NA,V1,0.549,-0.49,-1.092,-0.282,0.189,-0.513,-0.319,-0.844,-0.223,0.604,0.695,-0.536,-0.092,-2.568,0.034,0.716,0.401,-2.225,0.216,1
V1,V1,V1,V1,V1,V1,V1,V1,V2,V3,V1,V2,NA,V2,NA,-0.862,-1.092,-0.829,-0.07,-2.451,0.12,-0.844,-0.527,0.209,1.323,0.682,-0.092,0.182,4.11,1.16,0.401,-0.605,0.216,1
V2,V1,V1,V1,V1,V1,V1,V1,V2,V3,V1,V2,NA,V1,NA,-0.986,-1.092,-0.125,-0.07,0.133,0.12,0.353,-0.984,-0.834,0.638,0.276,-0.092,0.548,2.208,1.16,0.401,0.642,0.216,1
V1,V1,V1,V1,V1,V1,V1,V1,V2,V3,V1,V2,NA,V1,1.102,-0.862,-1.092,-0.282,-1.104,-0.513,-0.319,0.353,-0.375,-0.834,0.638,-0.536,-0.092,0.182,2.751,1.16,0.401,-0.605,0.216,1
V2,V2,V1,V2,V2,V1,V1,V1,V2,V3,V1,V2,NA,V2,-0.557,-1.607,NA,0.892,0.835,-0.513,-0.099,-0.216,0.233,-0.438,1.123,-0.536,-0.092,1.098,0.034,-1.06,0.401,0.019,0.216,1
V2,V2,V1,V2,V2,V1,V1,NA,V2,V3,V1,V1,NA,V2,-0.557,-1.359,NA,0.266,0.835,-2.128,-0.428,-0.216,0.689,-0.438,1.123,-0.13,-0.092,0.182,1.393,-1.06,0.401,0.019,0.216,1
V2,V2,V1,V2,V2,V1,V1,V1,V2,V3,V1,V1,NA,V1,-0.557,-1.359,0.348,-0.36,-0.458,-0.513,-0.319,-0.216,0.537,-0.438,1.123,1.089,-0.092,0.182,1.393,-1.06,0.401,2.96,0.216,1
V1,V1,V1,V1,V1,V1,V1,V1,V1,V1,V3,V1,NA,V1,-0.557,-0.49,-1.092,-0.673,0.835,0.133,-0.648,0.689,0.081,-0.546,-0.476,0.276,-0.092,-4.401,-2.684,-0.172,0.401,1.391,0.216,1
V2,V1,V1,V2,V2,V1,V1,V1,V1,V1,V1,V1,NA,V1,-0.557,-0.242,0.348,1.283,-0.458,-0.513,-0.099,-0.844,-0.68,0.568,0.752,-0.536,-0.092,0.182,-0.917,-0.394,0.401,1.311,0.216,1
V1,V1,V1,V1,V1,V1,V1,V1,V3,V5,V3,V3,NA,V1,0.272,0.875,-0.847,-1.768,-1.104,NA,2.641,0.616,-0.497,-1.014,0.409,-0.536,-0.092,0.915,0.034,-0.172,0.401,-1.228,0.216,1
V2,NA,NA,V2,V2,V1,NA,V1,V2,V3,V1,V1,NA,V2,0.272,-0.118,-1.092,1.283,-1.104,-1.159,-0.099,NA,0.537,NA,NA,NA,NA,-0.368,-0.782,NA,0.401,0.038,0.216,1
V2,NA,NA,V2,V2,V1,NA,V1,V1,V7,V6,V1,NA,V1,-0.557,0.13,NA,-1.455,0.835,0.133,-0.099,NA,0.233,NA,NA,NA,NA,-4.401,-2.684,NA,0.401,-1.723,0.216,1
V2,NA,NA,V1,V2,V1,NA,V1,V1,V4,V1,V3,NA,V1,0.272,0.254,-0.617,1.283,0.189,-0.513,-1.196,NA,0.081,NA,NA,NA,NA,-0.735,1.393,NA,0.401,0.532,0.216,1
V2,NA,NA,V1,V2,V1,NA,V1,V2,V3,V2,V3,NA,V2,0.549,0.627,0.348,-0.282,0.189,-2.774,-0.538,NA,0.385,NA,NA,NA,NA,0.182,1.393,NA,0.401,-0.035,0.216,1
V1,NA,NA,V1,V1,V1,NA,NA,V1,V7,V1,V1,NA,V1,1.102,0.627,0.348,4.413,0.189,0.779,0.449,NA,-0.527,NA,NA,NA,NA,-0.552,-1.053,NA,0.401,-0.605,0.216,1
V1,NA,NA,V1,V1,V1,NA,V1,V1,V7,V1,V1,NA,V2,1.102,0.379,0.348,1.675,0.447,0.456,-0.319,NA,-0.68,NA,NA,NA,NA,0.182,0.034,NA,0.401,-0.019,0.216,1
V2,NA,NA,V1,V1,V1,NA,V1,V1,V7,V1,V1,NA,V2,-0.557,0.751,0.348,0.501,0.965,0.456,-0.099,NA,-0.375,NA,NA,NA,NA,0.182,0.034,NA,0.401,-0.019,0.216,1
V2,NA,NA,V2,V2,V1,NA,V1,V2,V3,V5,V3,NA,V2,-1.11,0.627,-0.127,-0.203,0.318,0.133,0.12,NA,0.537,NA,NA,NA,NA,0.182,0.034,NA,0.401,-0.019,0.216,1
NA,NA,NA,V1,V2,V1,NA,V1,V1,V1,V3,V3,NA,V2,0.549,1.868,0.348,-0.438,0.189,-0.513,-0.099,NA,0.051,NA,NA,NA,NA,0.182,0.034,NA,0.401,-0.605,0.216,1
V1,NA,NA,V1,V1,V1,NA,V1,V2,V2,V2,V2,NA,V1,0.549,1.992,0.348,-0.673,0.965,0.133,-0.976,NA,-1.592,NA,NA,NA,NA,0.182,2.751,NA,0.401,-0.052,0.216,1
NA,NA,NA,V2,V2,V1,NA,V2,V3,V3,V1,V2,NA,V2,NA,1.371,0.823,-0.673,0.706,NA,-0.867,NA,-1.896,NA,NA,NA,NA,0.182,NA,NA,0.401,0.037,0.216,1
NA,NA,NA,V3,V1,V1,NA,V1,V1,V1,V1,V1,NA,V2,NA,1.495,-0.617,0.11,0.06,-0.513,0.449,NA,-0.193,NA,NA,NA,NA,-0.002,0.034,NA,0.401,0.642,0.216,1
NA,NA,NA,V2,V2,V1,NA,V1,V3,V3,V2,V2,NA,V2,NA,1.992,0.348,-0.203,0.189,0.133,-0.319,NA,-0.132,NA,NA,NA,NA,0.182,0.034,NA,0.401,0.642,0.216,1
NA,NA,NA,V3,V1,V1,NA,V1,V1,V1,V3,V3,NA,V1,NA,-0.118,0.823,0.266,0.447,NA,-0.099,NA,0.081,NA,NA,NA,NA,NA,NA,NA,0.401,0.037,0.216,1
NA,NA,NA,V3,V1,V1,NA,V1,V1,V1,V3,V3,NA,V1,NA,1.123,0.348,-0.282,0.447,-1.159,-0.976,NA,-0.071,NA,NA,NA,NA,0.182,0.034,NA,0.401,-1.244,0.216,1
NA,NA,NA,V3,V1,V1,NA,V1,V1,V1,V3,V3,NA,V1,NA,1.123,-0.127,-0.438,0.189,-0.513,-0.648,NA,0.081,NA,NA,NA,NA,0.182,0.034,NA,0.401,-1.224,0.216,1
NA,NA,NA,V3,V1,V1,NA,V1,V1,V1,V3,V3,NA,NA,NA,0.627,0.348,-0.986,0.447,-0.513,0.997,NA,-0.071,NA,NA,NA,NA,0.182,-0.238,NA,0.401,-1.224,0.216,1
NA,NA,NA,V3,V1,V1,NA,NA,V3,V3,V1,V2,NA,V1,NA,0.627,1.312,-0.203,-0.07,-1.159,-0.209,NA,-1.531,NA,NA,NA,NA,0.182,NA,NA,0.401,-1.224,0.216,1
NA,NA,NA,V3,V1,V1,NA,V1,V3,V3,V1,V2,NA,V1,NA,-0.49,-1.092,-0.282,0.835,-1.159,-0.757,NA,-1.075,NA,NA,NA,NA,-1.102,1.936,NA,0.401,-1.224,0.216,1
NA,NA,NA,V3,V1,V1,NA,V1,V1,V1,V3,V1,NA,V1,NA,0.503,1.312,0.11,-0.328,0.133,-0.099,NA,-0.223,NA,NA,NA,NA,0.182,0.577,NA,0.401,-1.224,0.216,1
NA,NA,NA,V3,V3,V1,NA,V1,V3,V3,V1,V2,NA,V2,NA,0.254,0.348,-0.908,-0.845,1.425,-0.319,NA,-0.68,NA,NA,NA,NA,0.548,1.393,NA,0.401,0.612,0.216,1
NA,NA,NA,V3,V3,V1,NA,V1,V3,V3,V1,V2,NA,V2,NA,-1.483,0.348,-0.203,-0.975,-0.513,-0.099,NA,-0.375,NA,NA,NA,NA,0.182,1.393,NA,0.401,0.612,0.216,1
NA,NA,NA,V2,V2,V1,NA,V1,V3,V3,V1,V2,NA,V1,NA,-0.614,0.348,1.283,0.189,-2.451,-0.648,NA,-0.375,NA,NA,NA,NA,0.182,1.393,NA,-3.849,2.928,-2.481,1
NA,NA,NA,V3,V1,NA,NA,V1,V3,V2,V1,V3,NA,V2,NA,-1.979,0.348,0.657,1.223,-1.159,-0.319,NA,-0.223,NA,NA,NA,NA,-0.185,0.034,NA,0.401,0.592,0.216,1
NA,NA,NA,V2,V2,NA,NA,V1,V2,V5,V3,V3,NA,V2,NA,-1.359,0.823,-0.673,-1.104,0.133,3.189,NA,-1.744,NA,NA,NA,NA,-0.735,1.393,NA,0.401,1.89,0.216,1
NA,NA,NA,V2,V2,NA,NA,V1,V2,V5,V3,V2,NA,V1,NA,-1.483,0.348,0.501,-0.845,0.133,2.093,NA,-1.44,NA,NA,NA,NA,0.182,3.295,NA,0.401,0.712,-2.481,1
NA,NA,NA,V3,V3,NA,NA,V1,V3,V2,V1,V2,NA,V1,NA,-1.359,0.348,0.892,0.706,-0.513,-0.538,NA,-0.786,NA,NA,NA,NA,0.182,0.034,NA,0.401,0.712,-2.481,1
NA,NA,NA,V3,V1,NA,NA,V1,V1,V1,V3,V1,NA,V2,NA,-0.862,-1.092,0.673,-0.587,0.133,-0.099,NA,1.146,NA,NA,NA,NA,0.731,-0.51,NA,0.401,0.712,-2.481,1
NA,NA,NA,V1,V1,NA,NA,V1,V3,V3,V1,V1,NA,V2,NA,-0.49,-0.617,0.892,0.965,-2.451,NA,NA,-0.223,NA,NA,NA,NA,-0.552,3.023,NA,0.401,1.311,-2.481,1
NA,NA,NA,V2,V2,NA,NA,V1,V3,V3,V1,V2,NA,V1,NA,0.13,-1.092,0.501,-0.458,-2.128,-0.648,NA,-0.984,NA,NA,NA,NA,0.182,-1.053,NA,0.401,1.211,0.216,1
NA,NA,NA,V1,V1,NA,NA,NA,V3,V3,V1,V1,NA,V1,NA,NA,0.348,-0.282,0.189,-1.159,-0.099,NA,0.598,NA,NA,NA,NA,0.915,-1.325,NA,0.401,1.451,0.216,1
NA,NA,NA,V3,V1,NA,NA,V1,V1,V4,V1,V1,NA,V1,NA,0.379,0.348,0.892,1.223,0.133,-0.648,NA,0.081,NA,NA,NA,NA,1.098,2.751,NA,0.401,0.82,-2.481,1
NA,NA,NA,V2,V2,NA,NA,V1,V3,V2,V1,V2,NA,V1,NA,0.627,0.348,-1.064,1.611,2.071,-0.428,NA,-0.527,NA,NA,NA,NA,1.098,1.393,NA,0.401,-0.605,-2.481,1
NA,NA,NA,V2,V2,NA,NA,V1,V3,V2,V1,V2,NA,V1,NA,-0.118,-1.092,0.892,-0.587,-0.513,0.339,NA,-0.223,NA,NA,NA,NA,0.365,0.034,NA,0.401,0.018,-2.481,1
NA,NA,NA,V2,V2,NA,NA,V1,V3,V3,V2,V2,NA,V1,NA,0.627,-1.092,1.283,-0.458,0.133,-0.648,NA,-0.68,NA,NA,NA,NA,-0.735,0.034,NA,0.401,0.018,-2.481,1
NA,NA,NA,V2,V2,NA,NA,V1,V3,V2,V2,V2,NA,V2,NA,0.503,-1.092,1.283,2.128,-0.513,-0.428,NA,-0.68,NA,NA,NA,NA,0.182,0.034,NA,0.401,0.642,0.216,1
NA,NA,NA,V3,V1,NA,NA,V1,V1,V1,V3,V1,NA,V1,NA,0.379,-0.127,0.11,0.189,0.133,0.997,NA,0.537,NA,NA,NA,NA,-1.102,0.849,NA,0.401,0.82,NA,1
NA,NA,NA,V3,V1,NA,NA,NA,V1,V7,V1,V1,NA,V1,NA,0.379,NA,0.11,-0.07,0.456,-0.099,NA,0.842,NA,NA,NA,NA,-2.201,0.034,NA,0.401,-1.194,0.216,1
NA,NA,NA,V3,V2,NA,NA,V1,V1,V8,V1,V1,NA,V2,NA,0.254,NA,1.283,-0.716,0.133,0.449,NA,0.842,NA,NA,NA,NA,0.365,0.849,NA,0.401,2.05,0.216,1
NA,NA,NA,V1,V1,NA,NA,V2,V1,V8,V1,V1,NA,V1,NA,NA,NA,0.501,0.577,NA,-0.319,NA,1.754,NA,NA,NA,NA,0.182,0.034,NA,0.401,1.89,0.216,1
NA,NA,NA,V1,V1,NA,NA,V1,V1,V8,V2,V1,NA,V1,NA,1.123,NA,-0.36,-0.328,1.425,-0.099,NA,2.058,NA,NA,NA,NA,-3.484,-1.325,NA,0.401,1.89,0.216,1
NA,NA,NA,V3,V1,NA,NA,NA,V1,V4,V1,V1,NA,V2,NA,0.627,0.348,2.301,0.189,1.425,0.12,NA,0.233,NA,NA,NA,NA,NA,NA,NA,0.401,1.391,0.216,1
NA,NA,NA,V3,V1,NA,NA,NA,V1,V4,V2,V1,NA,V2,NA,0.13,NA,2.066,0.447,1.425,-0.648,NA,0.172,NA,NA,NA,NA,-2.568,0.034,NA,0.401,1.89,0.216,1
NA,NA,NA,V3,V2,NA,NA,V1,V3,V2,V5,V1,NA,V2,NA,NA,-1.092,0.579,-0.328,-1.159,0.339,NA,0.842,NA,NA,NA,NA,-4.401,-2.684,NA,0.401,1.391,0.216,1
NA,NA,NA,V3,V2,NA,NA,NA,V1,V4,V1,V1,NA,V2,NA,NA,0.348,0.892,-1.104,1.425,0.339,NA,0.242,NA,NA,NA,NA,0.548,4.926,NA,0.401,0.992,0.216,1
NA,NA,NA,V3,V1,NA,NA,NA,V1,V8,V1,V1,NA,V2,NA,-0.614,-0.127,0.814,-0.328,1.425,0.339,NA,0.242,NA,NA,NA,NA,-1.651,3.567,NA,0.401,0.992,0.216,1
NA,NA,NA,V3,V1,NA,NA,V1,V3,V2,V5,V1,NA,V2,NA,-0.614,-1.092,-0.908,-0.458,0.133,-0.648,NA,0.689,NA,NA,NA,NA,0.182,0.034,NA,0.401,1.012,0.216,1

